incident_date,state,city_or_county,address,participant_gender,participant_age_group,date
"January 28, 2025",Virginia,Suffolk,700 block of Nixon Dr,male,Adult 18+,2025-01-28
"January 28, 2025",Virginia,Suffolk,700 block of Nixon Dr,male,Adult 18+,2025-01-28
"January 19, 2025",Virginia,Richmond,2200 block of Riverside Dr,male,Adult 18+,2025-01-19
"January 19, 2025",Virginia,Richmond,2200 block of Riverside Dr,male,Adult 18+,2025-01-19
"January 5, 2025",Virginia,Timber Ridge,N/A,male,Adult 18+,2025-01-05
"December 10, 2024",Virginia,Arlington,1850 N Moore St,male,Adult 18+,2024-12-10
"December 5, 2024",Virginia,Woodbridge,5026 Davis Ford Rd,male,Adult 18+,2024-12-05
"November 19, 2024",Virginia,Virginia Beach,4600 Virginia Beach Blvd,male,Adult 18+,2024-11-19
"November 11, 2024",Virginia,Merry Point,N/A,male,Unknown,2024-11-11
"November 9, 2024",Virginia,Christiansburg,3800 block of Stanley Rd,male,Adult 18+,2024-11-09
"November 2, 2024",Virginia,Fredericksburg,3000 block of Plank Rd,male,Adult 18+,2024-11-02
"November 2, 2024",Virginia,Fredericksburg,3000 block of Plank Rd,male,Adult 18+,2024-11-02
"October 30, 2024",Virginia,Triangle,I-95 and Inn St,male,Adult 18+,2024-10-30
"October 24, 2024",Virginia,Winchester,100 block of Maloy Dr,male,Adult 18+,2024-10-24
"October 15, 2024",Virginia,Richmond,2900 block of E Broad St,male,Adult 18+,2024-10-15
"October 14, 2024",Virginia,Newport News,500 block of Crown Ct,male,Adult 18+,2024-10-14
"October 11, 2024",Virginia,Fork Union,400 block of Gravel Hill Rd,male,Adult 18+,2024-10-11
"October 6, 2024",Virginia,Richmond (North Chesterfield),Iron Bridge Rd and Jessup Rd,male,Adult 18+,2024-10-06
"September 20, 2024",Virginia,Christiansburg,Viewland Cir,male,Adult 18+,2024-09-20
"September 19, 2024",Virginia,Richmond,2300 block of Fairfield Ave,male,Teen 12-17,2024-09-19
"September 19, 2024",Virginia,Richmond,2300 block of Fairfield Ave,male,Adult 18+,2024-09-19
"September 19, 2024",Virginia,Manassas,Doane Dr,male,Adult 18+,2024-09-19
"September 16, 2024",Virginia,Reston,11800 block of Sunrise Valley Dr,female,Adult 18+,2024-09-16
"September 13, 2024",Virginia,Luray,US-211 and Bixlers Ferry Rd,male,Adult 18+,2024-09-13
"September 1, 2024",Virginia,Roanoke,308 Orange Ave NE,male,Adult 18+,2024-09-01
"August 29, 2024",Virginia,Roanoke,700 block of 29th St NW,male,Adult 18+,2024-08-29
"August 19, 2024",Virginia,Alexandria,5101 Maris Ave,male,Adult 18+,2024-08-19
"August 14, 2024",Virginia,Virginia Beach,1200 block of Quarter Way,male,Adult 18+,2024-08-14
"August 14, 2024",Virginia,Front Royal,200 block of W 8th St,male,Adult 18+,2024-08-14
"August 12, 2024",Virginia,Alexandria,5101 Maris Ave,male,Adult 18+,2024-08-12
"August 9, 2024",Virginia,Marion,VA-16 and Hatchery Dr,male,Adult 18+,2024-08-09
"August 9, 2024",Virginia,Marion,VA-16 and Hatchery Dr,male,Adult 18+,2024-08-09
"August 9, 2024",Virginia,Marion,VA-16 and Hatchery Dr,male,Adult 18+,2024-08-09
"August 1, 2024",Virginia,Woodbridge,3000 block of Bromley Ct,male,Adult 18+,2024-08-01
"July 27, 2024",Virginia,Newport News,3100 block of Radius Way,male,Adult 18+,2024-07-27
"July 20, 2024",Virginia,Virginia Beach,4100 block of White Beam Ct,male,Adult 18+,2024-07-20
"July 18, 2024",Virginia,Blue Ridge,Blue Ridge Pkwy,male,Adult 18+,2024-07-18
"July 6, 2024",Virginia,Norfolk,3800 block of Arcadia St,male,Adult 18+,2024-07-06
"July 6, 2024",Virginia,Norfolk,3800 block of Arcadia St,male,Adult 18+,2024-07-06
"July 5, 2024",Virginia,Arlington,19th St N and N Kent S,male,Adult 18+,2024-07-05
"June 30, 2024",Virginia,Fredericksburg,10400 block of Spotswood Dr,male,Adult 18+,2024-06-30
"June 30, 2024",Virginia,Blue Ridge,4000 block of Mountain View  Church Rd,male,Unknown,2024-06-30
"June 27, 2024",Virginia,Lynchburg,3736 Candlers Mountain Rd,male,Adult 18+,2024-06-27
"June 24, 2024",Virginia,Galax,US-58 and Wild Turkey Ln,male,Adult 18+,2024-06-24
"June 15, 2024",Virginia,Newport News,1100 block of Jebs Pl,female,Adult 18+,2024-06-15
"June 13, 2024",Virginia,Leesburg,41450 Shreve Mill Rd,N/A,Adult 18+,2024-06-13
"June 8, 2024",Virginia,Roanoke,2900 block of Hershberger Rd NW,male,Adult 18+,2024-06-08
"June 4, 2024",Virginia,Christiansburg,Vicker Switch Rd and Peppers Ferry Rd NW,male,Adult 18+,2024-06-04
"May 24, 2024",Virginia,Norfolk,900 block of Bagnall Rd,male,Adult 18+,2024-05-24
"April 22, 2024",Virginia,Roanoke,600 block of Moormon Ave NW,male,Adult 18+,2024-04-22
"April 14, 2024",Virginia,Yorktown,100 Arcadia Loop,male,Teen 12-17,2024-04-14
"April 14, 2024",Virginia,Herndon,900 block of 1st Pl,male,Adult 18+,2024-04-14
"April 10, 2024",Virginia,Waynesboro,1001 Hopeman Pkwy,male,Adult 18+,2024-04-10
"April 10, 2024",Virginia,Waynesboro,1001 Hopeman Pkwy,N/A,Unknown,2024-04-10
"April 4, 2024",Virginia,Suffolk,St James Ave and W Washington St,male,Adult 18+,2024-04-04
"March 31, 2024",Virginia,Richmond,1900 block of Cedar St,male,Adult 18+,2024-03-31
"March 27, 2024",Virginia,Hopewell,1100 block of Kruper Ave,male,Adult 18+,2024-03-27
"March 24, 2024",Virginia,Mechanicsville,6200 block of Queens Lace Rd,male,Adult 18+,2024-03-24
"March 21, 2024",Virginia,Norfolk,Terminal Blvd and Hampton Blvd,male,Adult 18+,2024-03-21
"March 18, 2024",Virginia,Hampton,1300 block of Patrick St,male,Adult 18+,2024-03-18
"February 23, 2024",Virginia,Manassas,9200 block of Bayberry Ave,male,Adult 18+,2024-02-23
"February 20, 2024",Virginia,Hampton,2300 block of W Mercury Blvd,male,Adult 18+,2024-02-20
"February 13, 2024",Virginia,Manassas,7016 Infantry Ridge Rd,male,Adult 18+,2024-02-13
"February 11, 2024",Virginia,Bedford,Falling Creek Rd and Lady Fern Dr,male,Adult 18+,2024-02-11
"January 24, 2024",Virginia,Chesapeake,1600 block of River Birch Run N,male,Adult 18+,2024-01-24
"January 23, 2024",Virginia,Ashland,Rapidan Way,male,Adult 18+,2024-01-23
"January 18, 2024",Virginia,Norfolk,144 E Little Creek Rd,male,Adult 18+,2024-01-18
"January 17, 2024",Virginia,Danville,500 Apollo Ave,male,Adult 18+,2024-01-17
"January 15, 2024",Virginia,Covington,800 block of N Beverly Ave,male,Adult 18+,2024-01-15
"January 12, 2024",Virginia,Virginia Beach,1201 Waterfront Dr,male,Adult 18+,2024-01-12
"January 5, 2024",Virginia,Newport News,5991 Jefferson Ave,male,Adult 18+,2024-01-05
"December 30, 2023",Virginia,Suffolk,6200 block of Oakglen Dr,female,Teen 12-17,2023-12-30
"December 29, 2023",Virginia,Henrico (Highland Springs),10 Shawn Ct,female,Adult 18+,2023-12-29
"December 19, 2023",Virginia,Newport News,600 block of Cleveland Ave,male,Adult 18+,2023-12-19
"December 19, 2023",Virginia,Roanoke,1324 Dunmore St SW,male,Adult 18+,2023-12-19
"December 17, 2023",Virginia,Strasburg,21 Signal Knob Dr,female,Adult 18+,2023-12-17
"December 16, 2023",Virginia,Stafford,2400 block of Richmond Hwy,male,Adult 18+,2023-12-16
"December 8, 2023",Virginia,Clifton Forge,547 Main St,male,Adult 18+,2023-12-08
"December 6, 2023",Virginia,Richmond,3100 block of Decatur St,male,Adult 18+,2023-12-06
"December 6, 2023",Virginia,Richmond,3100 block of Decatur St,male,Adult 18+,2023-12-06
"December 6, 2023",Virginia,Richmond,3100 block of Decatur St,male,Adult 18+,2023-12-06
"December 3, 2023",Virginia,Roanoke,3038 Melrose Ave NW,male,Adult 18+,2023-12-03
"December 3, 2023",Virginia,Roanoke,3038 Melrose Ave NW,female,Adult 18+,2023-12-03
"November 29, 2023",Virginia,Richmond,4800 block of Hillbrook Ave,male,Adult 18+,2023-11-29
"November 29, 2023",Virginia,Richmond,4800 block of Hillbrook Ave,N/A,Adult 18+,2023-11-29
"November 12, 2023",Virginia,Petersburg,3400 block of Boisseau St,male,Adult 18+,2023-11-12
"November 12, 2023",Virginia,Petersburg,3400 block of Boisseau St,male,Adult 18+,2023-11-12
"November 10, 2023",Virginia,Lynchburg,5100 block of Boonsboro Rd,male,Adult 18+,2023-11-10
"November 2, 2023",Virginia,Petersburg,Whitehill Dr,male,Adult 18+,2023-11-02
"October 25, 2023",Virginia,Petersburg (North Dinwiddie),River Rd and Ashley Ln,female,Adult 18+,2023-10-25
"October 25, 2023",Virginia,Petersburg (North Dinwiddie),River Rd and Ashley Ln,male,Adult 18+,2023-10-25
"October 19, 2023",Virginia,Portsmouth,1900 block of Elm Ave,male,Adult 18+,2023-10-19
"October 19, 2023",Virginia,Portsmouth,1900 block of Elm Ave,N/A,Unknown,2023-10-19
"October 4, 2023",Virginia,Ashland,10300 block of Shellie Lee Dr,male,Adult 18+,2023-10-04
"September 27, 2023",Virginia,Lynchburg,2100 block of Park Ave,female,Adult 18+,2023-09-27
"September 24, 2023",Virginia,Elliston,4695 Crosier Rd,male,Adult 18+,2023-09-24
"August 30, 2023",Virginia,Hopewell,2700 block of Gordon St,male,Adult 18+,2023-08-30
"August 8, 2023",Virginia,Alexandria,3671 Jefferson Davis Hwy,male,Adult 18+,2023-08-08
"July 24, 2023",Virginia,Arlington,4150 S Four Mile Run Dr,male,Adult 18+,2023-07-24
"July 21, 2023",Virginia,Fredericksburg,1400 block of Sunken Rd,male,Adult 18+,2023-07-21
"July 19, 2023",Virginia,Lacey Spring,Rock Fence Ln,male,Adult 18+,2023-07-19
"July 9, 2023",Virginia,Bristol,I-81 and Old Airport Rd,N/A,Unknown,2023-07-09
"July 7, 2023",Virginia,Richmond (North Chesterfield),1200 block of Wycliff Ct,male,Adult 18+,2023-07-07
"June 30, 2023",Virginia,Clifton Forge,1606 Oakhill Ave,male,Adult 18+,2023-06-30
"June 28, 2023",Virginia,Portsmouth,41 Greeneland Blvd,female,Adult 18+,2023-06-28
"June 28, 2023",Virginia,Portsmouth,41 Greeneland Blvd,male,Adult 18+,2023-06-28
"June 16, 2023",Virginia,Nellysford (Wintergreen),Arrowood Ln,male,Adult 18+,2023-06-16
"June 16, 2023",Virginia,Nellysford (Wintergreen),Arrowood Ln,male,Adult 18+,2023-06-16
"June 12, 2023",Virginia,Richmond,N 35th St and E Marshall St,male,Adult 18+,2023-06-12
"June 11, 2023",Virginia,Reston,12000 block of Thunder Chase Dr,male,Adult 18+,2023-06-11
"June 11, 2023",Virginia,Reston,12000 block of Thunder Chase Dr,N/A,Unknown,2023-06-11
"June 4, 2023",Virginia,Harrisonburg,171 Burgess Rd,male,Adult 18+,2023-06-04
"June 1, 2023",Virginia,Amherst,Lexington Turnpike and Sandidges Rd,male,Adult 18+,2023-06-01
"May 25, 2023",Virginia,Newport News,414 Turlington Rd,male,Adult 18+,2023-05-25
"May 25, 2023",Virginia,Newport News,414 Turlington Rd,male,Adult 18+,2023-05-25
"May 12, 2023",Virginia,Lynchburg,1500 block of Longview Rd,female,Adult 18+,2023-05-12
"May 11, 2023",Virginia,Alexandria,6300 block of Richmond Hwy,male,Adult 18+,2023-05-11
"May 9, 2023",Virginia,Rustburg,11400 block of Wards Rd,male,Adult 18+,2023-05-09
"May 6, 2023",Virginia,Harrisonburg,1000 block of Old Furnace Rd,male,Adult 18+,2023-05-06
"May 2, 2023",Virginia,Richmond,Rodney Rd and Dean Rd,male,Adult 18+,2023-05-02
"April 22, 2023",Virginia,Richmond,3100 block of 3rd Ave,male,Adult 18+,2023-04-22
"April 22, 2023",Virginia,Hampton,300 block of Woodland Rd,N/A,Adult 18+,2023-04-22
"April 22, 2023",Virginia,Hampton,300 block of Woodland Rd,male,Adult 18+,2023-04-22
"April 21, 2023",Virginia,Cana,Little Bear Trail and US-52,male,Adult 18+,2023-04-21
"April 21, 2023",Virginia,Cana,Little Bear Trail and US-52,male,Adult 18+,2023-04-21
"April 14, 2023",Virginia,Amelia Court House,15200 block of Poor House Rd,male,Adult 18+,2023-04-14
"April 5, 2023",Virginia,Quantico,I-95 and Russell Rd,female,Adult 18+,2023-04-05
"April 5, 2023",Virginia,Quantico,I-95 and Russell Rd,male,Adult 18+,2023-04-05
"March 31, 2023",Virginia,Richmond,1100 block of Evergreen Ave,male,Adult 18+,2023-03-31
"March 31, 2023",Virginia,Richmond,1100 block of Evergreen Ave,female,Adult 18+,2023-03-31
"March 25, 2023",Virginia,Gloucester,7000 block of Ark Rd,male,Adult 18+,2023-03-25
"March 19, 2023",Virginia,Glen Allen,4000 block of Cox Rd,male,Teen 12-17,2023-03-19
"March 17, 2023",Virginia,Clover,Black Walnut Rd,male,Adult 18+,2023-03-17
"March 17, 2023",Virginia,Clover,Black Walnut Rd,female,Adult 18+,2023-03-17
"March 13, 2023",Virginia,Hiltons,A P Carter Hwy,male,Adult 18+,2023-03-13
"March 7, 2023",Virginia,Broadway,I-81 and US-11,male,Adult 18+,2023-03-07
"March 4, 2023",Virginia,Virginia Beach,Lynnhaven Pkwy and S Lynnhaven Rd,male,Adult 18+,2023-03-04
"February 28, 2023",Virginia,Charlottesville,US-250 BYP and Hydraulic Rd,male,Adult 18+,2023-02-28
"February 22, 2023",Virginia,Vienna (Tysons),1961 Chain Bridge Rd,male,Adult 18+,2023-02-22
"February 22, 2023",Virginia,Vienna (Tysons),1961 Chain Bridge Rd,male,Adult 18+,2023-02-22
"February 5, 2023",Virginia,Richmond,6700 block of Amster Rd,male,Adult 18+,2023-02-05
"February 5, 2023",Virginia,Richmond,6700 block of Amster Rd,female,Adult 18+,2023-02-05
"February 5, 2023",Virginia,Richmond,6700 block of Amster Rd,male,Adult 18+,2023-02-05
"February 5, 2023",Virginia,Richmond,6700 block of Amster Rd,male,Adult 18+,2023-02-05
"February 2, 2023",Virginia,Lynchburg,1400 block of 17th St,male,Adult 18+,2023-02-02
"February 2, 2023",Virginia,Louisa,4600 block of Hodges Hideaway Ln,male,Adult 18+,2023-02-02
"January 30, 2023",Virginia,Virginia Beach,1953 Decathlon Dr,male,Adult 18+,2023-01-30
"January 25, 2023",Virginia,Williamsburg,700 block of Scotland St,male,Adult 18+,2023-01-25
"January 25, 2023",Virginia,Williamsburg,700 block of Scotland St,male,Adult 18+,2023-01-25
"January 25, 2023",Virginia,New Castle,400 block of Johns Creek Rd,male,Adult 18+,2023-01-25
"January 25, 2023",Virginia,Roanoke,3780 Stratford Park Dr SW,male,Adult 18+,2023-01-25
"January 11, 2023",Virginia,Hampton,Big Bethel Rd and Todds Ln,male,Adult 18+,2023-01-11
"January 11, 2023",Virginia,Hampton,Big Bethel Rd and Todds Ln,male,Adult 18+,2023-01-11
"January 9, 2023",Virginia,Richmond,3300 block of McGuire Dr,male,Adult 18+,2023-01-09
"December 31, 2022",Virginia,Lynchburg,100 block of Holmes Cir,male,Adult 18+,2022-12-31
"December 31, 2022",Virginia,Lynchburg,2100 block of Memorial Ave,male,Adult 18+,2022-12-31
"December 29, 2022",Virginia,Clintwood,Cowpath Rd and The Lake Rd,male,Adult 18+,2022-12-29
"December 28, 2022",Virginia,Amelia Court House,13500 block of West Ln,male,Adult 18+,2022-12-28
"December 28, 2022",Virginia,Amelia Court House,13500 block of West Ln,N/A,Adult 18+,2022-12-28
"December 22, 2022",Virginia,Portsmouth,500 block of Mt Vernon Ave,male,Adult 18+,2022-12-22
"December 19, 2022",Virginia,Mineral,Thacker Rd,male,Adult 18+,2022-12-19
"December 9, 2022",Virginia,Lexington,Lee Hi Acres,male,Adult 18+,2022-12-09
"December 2, 2022",Virginia,Ridgeway,US-220 and Greensboro Rd,male,Adult 18+,2022-12-02
"December 2, 2022",Virginia,Ridgeway,US-220 and Greensboro Rd,N/A,Unknown,2022-12-02
"December 1, 2022",Virginia,Virginia Beach,655 Newtown Rd,female,Adult 18+,2022-12-01
"December 1, 2022",Virginia,Virginia Beach,655 Newtown Rd,male,Adult 18+,2022-12-01
"November 27, 2022",Virginia,Stafford,Garrisonville Rd and Ripley Rd,male,Adult 18+,2022-11-27
"November 22, 2022",Virginia,Wytheville,I-81 and Lee Hwy,male,Adult 18+,2022-11-22
"October 28, 2022",Virginia,Roanoke,900 block of Marshall Ave SW,male,Adult 18+,2022-10-28
"October 28, 2022",Virginia,Roanoke,900 block of Marshall Ave SW,male,Adult 18+,2022-10-28
"October 25, 2022",Virginia,Chester,15000 block of Timsberry Cir,male,Adult 18+,2022-10-25
"October 25, 2022",Virginia,Chester,15000 block of Timsberry Cir,N/A,Adult 18+,2022-10-25
"October 25, 2022",Virginia,Chester,15000 block of Timsberry Cir,N/A,Adult 18+,2022-10-25
"October 14, 2022",Virginia,Arlington,2100 block of S Shirlington Rd,male,Adult 18+,2022-10-14
"October 8, 2022",Virginia,Roanoke,2300 block of Mountain View Terrace SW,male,Adult 18+,2022-10-08
"September 28, 2022",Virginia,Richmond,300 block of Crawford St,male,Adult 18+,2022-09-28
"September 27, 2022",Virginia,Roanoke,Crossbow Ct,male,Adult 18+,2022-09-27
"September 25, 2022",Virginia,Gainesville,14000 block of Clubhouse Rd,male,Adult 18+,2022-09-25
"September 25, 2022",Virginia,Gainesville,14000 block of Clubhouse Rd,male,Adult 18+,2022-09-25
"September 15, 2022",Virginia,Charlottesville,Elliott Ave and 6th St SE,male,Adult 18+,2022-09-15
"September 1, 2022",Virginia,Woodbridge (Dale City),14700 block of Fox Glove Ct,male,Adult 18+,2022-09-01
"September 1, 2022",Virginia,Woodbridge (Dale City),14700 block of Fox Glove Ct,male,Adult 18+,2022-09-01
"September 1, 2022",Virginia,Woodbridge (Dale City),14700 block of Fox Glove Ct,male,Adult 18+,2022-09-01
"August 31, 2022",Virginia,Norfolk,2700 block of Vincent Ave,male,Adult 18+,2022-08-31
"August 31, 2022",Virginia,Norfolk,2700 block of Vincent Ave,male,Adult 18+,2022-08-31
"August 31, 2022",Virginia,Norfolk,2700 block of Vincent Ave,N/A,Adult 18+,2022-08-31
"August 29, 2022",Virginia,Charlottesville,Fontaine Ave Ext and US-250,male,Adult 18+,2022-08-29
"August 26, 2022",Virginia,Blacksburg,3000 block of Yellow Sulphur Rd,male,Adult 18+,2022-08-26
"August 5, 2022",Virginia,Norfolk,216 E Plume St,N/A,Adult 18+,2022-08-05
"August 5, 2022",Virginia,Norfolk,216 E Plume St,male,Adult 18+,2022-08-05
"August 5, 2022",Virginia,Norfolk,216 E Plume St,N/A,Adult 18+,2022-08-05
"August 5, 2022",Virginia,Norfolk,216 E Plume St,N/A,Adult 18+,2022-08-05
"August 5, 2022",Virginia,Norfolk,216 E Plume St,male,Adult 18+,2022-08-05
"August 2, 2022",Virginia,Falls Church,6201 Arlington Blvd,male,Adult 18+,2022-08-02
"August 1, 2022",Virginia,Charles City,10341 Courthouse Rd,N/A,Unknown,2022-08-01
"August 1, 2022",Virginia,Charles City,10341 Courthouse Rd,N/A,Adult 18+,2022-08-01
"July 25, 2022",Virginia,Strasburg,1115 Copp Rd,male,Adult 18+,2022-07-25
"July 25, 2022",Virginia,Richmond,Commerce Rd and Stockton St,male,Adult 18+,2022-07-25
"July 25, 2022",Virginia,Richmond,Commerce Rd and Stockton St,male,Adult 18+,2022-07-25
"July 22, 2022",Virginia,Norfolk,1000 E Indian River Rd,male,Adult 18+,2022-07-22
"July 22, 2022",Virginia,Norfolk,1000 E Indian River Rd,male,Adult 18+,2022-07-22
"July 18, 2022",Virginia,Spotsylvania,6600 block of Timberbrook Ln,male,Adult 18+,2022-07-18
"July 13, 2022",Virginia,Henrico (Highland Springs),1600 block of Elsing Green Ct,male,Adult 18+,2022-07-13
"July 7, 2022",Virginia,Mc Lean,6900 block of Arbor Ln,male,Adult 18+,2022-07-07
"July 7, 2022",Virginia,Cloverdale,3100 Read Mountain Rd,male,Adult 18+,2022-07-07
"July 5, 2022",Virginia,Herndon,600 block of Dulles Park Ct,male,Adult 18+,2022-07-05
"July 2, 2022",Virginia,Richmond,7600 block of Phillips Woods Dr,male,Adult 18+,2022-07-02
"July 2, 2022",Virginia,Richmond,7600 block of Phillips Woods Dr,female,Adult 18+,2022-07-02
"July 2, 2022",Virginia,Richmond,7600 block of Phillips Woods Dr,female,Adult 18+,2022-07-02
"July 2, 2022",Virginia,Richmond,6641 Ironbridge Pkwy,male,Teen 12-17,2022-07-02
"July 2, 2022",Virginia,Richmond,6641 Ironbridge Pkwy,male,Teen 12-17,2022-07-02
"July 2, 2022",Virginia,Richmond,6641 Ironbridge Pkwy,N/A,Teen 12-17,2022-07-02
"July 2, 2022",Virginia,Richmond,6641 Ironbridge Pkwy,male,Teen 12-17,2022-07-02
"July 2, 2022",Virginia,Richmond,6641 Ironbridge Pkwy,male,Teen 12-17,2022-07-02
"July 2, 2022",Virginia,Richmond,6641 Ironbridge Pkwy,male,Teen 12-17,2022-07-02
"June 30, 2022",Virginia,Culpeper,791 Madison Rd,male,Adult 18+,2022-06-30
"June 30, 2022",Virginia,Springfield,6600 Frontier Dr,male,Adult 18+,2022-06-30
"June 25, 2022",Virginia,Orange,332 Caroline St,male,Adult 18+,2022-06-25
"June 21, 2022",Virginia,Norfolk,5504 Monroe Pl,male,Adult 18+,2022-06-21
"June 19, 2022",Virginia,Coeburn,Rachel's Chapel Rd,male,Adult 18+,2022-06-19
"June 19, 2022",Virginia,Portsmouth,2300 block of Greenwood Dr,male,Adult 18+,2022-06-19
"June 9, 2022",Virginia,Covington,VA-616 and Roaring Run Rd,male,Adult 18+,2022-06-09
"June 4, 2022",Virginia,Amherst,Newington Dr,male,Adult 18+,2022-06-04
"June 1, 2022",Virginia,Prince George,VA-144 and River Rd,male,Adult 18+,2022-06-01
"May 19, 2022",Virginia,Virginia Beach,1060 First Colonial Rd,male,Adult 18+,2022-05-19
"May 19, 2022",Virginia,Virginia Beach,1060 First Colonial Rd,N/A,Adult 18+,2022-05-19
"May 2, 2022",Virginia,Petersburg,1200 block of Grant Ave,male,Adult 18+,2022-05-02
"April 17, 2022",Virginia,Dublin,6000 block of Wilderness Rd,male,Adult 18+,2022-04-17
"April 17, 2022",Virginia,Dublin,6000 block of Wilderness Rd,male,Adult 18+,2022-04-17
"April 9, 2022",Virginia,Grundy,1025 Owl St,female,Adult 18+,2022-04-09
"April 7, 2022",Virginia,Bridgewater,6660 block of Spring Creek Rd,male,Adult 18+,2022-04-07
"March 26, 2022",Virginia,Virginia Beach,5000 Cleveland St,male,Adult 18+,2022-03-26
"March 26, 2022",Virginia,Virginia Beach,5000 Cleveland St,male,Adult 18+,2022-03-26
"March 26, 2022",Virginia,Virginia Beach,5000 Cleveland St,female,Teen 12-17,2022-03-26
"March 26, 2022",Virginia,Virginia Beach,5000 Cleveland St,male,Adult 18+,2022-03-26
"March 26, 2022",Virginia,Virginia Beach,5000 Cleveland St,N/A,Unknown,2022-03-26
"March 20, 2022",Virginia,Colonial Heights,3200 block of Glenview Ave,female,Adult 18+,2022-03-20
"March 20, 2022",Virginia,Colonial Heights,3200 block of Glenview Ave,male,Adult 18+,2022-03-20
"March 18, 2022",Virginia,Sterling (Potomac Falls),46600 block of Ellicott Square,female,Adult 18+,2022-03-18
"March 14, 2022",Virginia,Covington,121 N Alleghany Ave,male,Adult 18+,2022-03-14
"March 14, 2022",Virginia,Covington,121 N Alleghany Ave,male,Adult 18+,2022-03-14
"March 14, 2022",Virginia,Covington,121 N Alleghany Ave,male,Adult 18+,2022-03-14
"March 6, 2022",Virginia,Richmond,1200 block of Garber St,male,Adult 18+,2022-03-06
"February 16, 2022",Virginia,Richmond,US-1 and Bellwood Rd,male,Adult 18+,2022-02-16
"February 15, 2022",Virginia,Lorton,8300 block of Fitt Ct,male,Adult 18+,2022-02-15
"February 12, 2022",Virginia,Norfolk,211 Granby St,male,Adult 18+,2022-02-12
"February 8, 2022",Virginia,Gladstone,100 Charity Ln,female,Adult 18+,2022-02-08
"February 6, 2022",Virginia,Willis,200 block of Dogwood Ln SW,male,Adult 18+,2022-02-06
"February 1, 2022",Virginia,Bridgewater,403 E College St,male,Adult 18+,2022-02-01
"February 1, 2022",Virginia,Bridgewater,403 E College St,male,Adult 18+,2022-02-01
"February 1, 2022",Virginia,Bridgewater,403 E College St,male,Adult 18+,2022-02-01
"January 23, 2022",Virginia,Roanoke,500 block of 8th St NW,male,Adult 18+,2022-01-23
"January 23, 2022",Virginia,Roanoke,500 block of 8th St NW,female,Adult 18+,2022-01-23
"January 23, 2022",Virginia,Roanoke,500 block of 8th St NW,male,Adult 18+,2022-01-23
"January 14, 2022",Virginia,Stuart,1700 block of Mill House Rd,male,Adult 18+,2022-01-14
"January 4, 2022",Virginia,Hampton,1020 W Mercury Blvd,male,Adult 18+,2022-01-04
"January 4, 2022",Virginia,Chantilly,4500 block of Briarton Dr,male,Adult 18+,2022-01-04
"January 2, 2022",Virginia,Yorktown,100 block of Rocky Rd,male,Adult 18+,2022-01-02
"December 30, 2021",Virginia,Honaker,9000 block of Redbud Highway,male,Adult 18+,2021-12-30
"December 30, 2021",Virginia,Honaker,9000 block of Redbud Highway,male,Adult 18+,2021-12-30
"December 26, 2021",Virginia,Clear Brook,I-81 and Visitor Center Loop,male,Adult 18+,2021-12-26
"December 26, 2021",Virginia,Clear Brook,I-81 and Visitor Center Loop,male,Adult 18+,2021-12-26
"December 26, 2021",Virginia,Clear Brook,I-81 and Visitor Center Loop,female,Adult 18+,2021-12-26
"December 26, 2021",Virginia,Clear Brook,I-81 and Visitor Center Loop,male,Adult 18+,2021-12-26
"December 26, 2021",Virginia,Clear Brook,I-81 and Visitor Center Loop,male,Adult 18+,2021-12-26
"December 23, 2021",Virginia,South Hill,315 Furr St,male,Adult 18+,2021-12-23
"December 17, 2021",Virginia,Sperryville,Slate Mills Rd,male,Adult 18+,2021-12-17
"November 26, 2021",Virginia,Roanoke,4900 block of Lantern St,male,Adult 18+,2021-11-26
"November 19, 2021",Virginia,Warsaw,3908 Richmond Rd,male,Adult 18+,2021-11-19
"November 13, 2021",Virginia,Big Stone Gap,2500 block of Orr St,male,Adult 18+,2021-11-13
"November 13, 2021",Virginia,Big Stone Gap,2500 block of Orr St,male,Adult 18+,2021-11-13
"November 6, 2021",Virginia,Sandston,I-64,male,Adult 18+,2021-11-06
"November 6, 2021",Virginia,Chesapeake,US-58 and I-664,male,Adult 18+,2021-11-06
"November 6, 2021",Virginia,Goodview,100 block of Afton Ln,female,Adult 18+,2021-11-06
"September 17, 2021",Virginia,Virginia Beach,N/A,N/A,Teen 12-17,2021-09-17
"September 17, 2021",Virginia,Virginia Beach,N/A,N/A,Teen 12-17,2021-09-17
"September 17, 2021",Virginia,Virginia Beach,N/A,N/A,Teen 12-17,2021-09-17
"September 17, 2021",Virginia,Virginia Beach,N/A,N/A,Teen 12-17,2021-09-17
"September 14, 2021",Virginia,Harrisonburg,2300 block of Purple and Gold Way,male,Adult 18+,2021-09-14
"September 2, 2021",Virginia,Chesapeake,1000 block of Seaboard Ave,N/A,Adult 18+,2021-09-02
"September 2, 2021",Virginia,Chesapeake,1000 block of Seaboard Ave,male,Adult 18+,2021-09-02
"August 28, 2021",Virginia,Petersburg,Wagner Rd,N/A,Adult 18+,2021-08-28
"August 28, 2021",Virginia,Petersburg,Wagner Rd,N/A,Adult 18+,2021-08-28
"August 26, 2021",Virginia,Hampton,700 block of New York Ave,N/A,Unknown,2021-08-26
"August 23, 2021",Virginia,Christiansburg,I-81,male,Adult 18+,2021-08-23
"August 18, 2021",Virginia,Chesapeake,4000 block of Woodland Dr,male,Adult 18+,2021-08-18
"August 7, 2021",Virginia,Christiansburg,500 block of Gold Dr NE,male,Adult 18+,2021-08-07
"August 3, 2021",Virginia,Arlington,N Rotary Rd and Connector Rd,male,Adult 18+,2021-08-03
"August 3, 2021",Virginia,Arlington,N Rotary Rd and Connector Rd,male,Adult 18+,2021-08-03
"July 23, 2021",Virginia,Raven,Lot 6 Ball Rd,male,Adult 18+,2021-07-23
"July 23, 2021",Virginia,Raven,Lot 6 Ball Rd,female,Adult 18+,2021-07-23
"July 23, 2021",Virginia,Raven,Lot 6 Ball Rd,male,Adult 18+,2021-07-23
"July 19, 2021",Virginia,Springfield,8000 block of Gosport Ln,female,Adult 18+,2021-07-19
"July 17, 2021",Virginia,Appalachia,Pine Branch Rd and Dunbar Rd,male,Teen 12-17,2021-07-17
"July 9, 2021",Virginia,Staunton,100 block of Rocky Hill Ln,male,Adult 18+,2021-07-09
"July 8, 2021",Virginia,Virginia Beach,3700 block of N Queensgrove Cir,male,Adult 18+,2021-07-08
"July 7, 2021",Virginia,Patrick Springs,Anthony Dr and Randolph Ln,male,Adult 18+,2021-07-07
"July 7, 2021",Virginia,Patrick Springs,Anthony Dr and Randolph Ln,male,Adult 18+,2021-07-07
"July 1, 2021",Virginia,Spotsylvania,13700 W Catharpin Rd,male,Adult 18+,2021-07-01
"July 1, 2021",Virginia,Chesapeake,4500 block of Winnie Dr,male,Adult 18+,2021-07-01
"June 23, 2021",Virginia,Henrico,9300 block of Silver Stream Ln,male,Adult 18+,2021-06-23
"June 23, 2021",Virginia,Henrico,9300 block of Silver Stream Ln,male,Adult 18+,2021-06-23
"June 23, 2021",Virginia,Henrico,9300 block of Silver Stream Ln,male,Adult 18+,2021-06-23
"June 22, 2021",Virginia,Luray,515 W Main St,male,Adult 18+,2021-06-22
"June 20, 2021",Virginia,Madison Heights,Colony Rd,male,Adult 18+,2021-06-20
"June 18, 2021",Virginia,Burke,Lee Chapel Rd,male,Adult 18+,2021-06-18
"June 16, 2021",Virginia,Waynesboro,2700 block of W Main St,male,Adult 18+,2021-06-16
"June 16, 2021",Virginia,Vesuvius,Pedlar River Rd,male,Adult 18+,2021-06-16
"June 13, 2021",Virginia,Stephens City,Gate Stone Ln,male,Adult 18+,2021-06-13
"May 22, 2021",Virginia,Roanoke,900 block of Glen Ridge Rd NW,male,Adult 18+,2021-05-22
"May 22, 2021",Virginia,Roanoke,3800 block of Sunhaven Ct,male,Adult 18+,2021-05-22
"May 20, 2021",Virginia,Waynesboro,100 block of Farmside St,male,Adult 18+,2021-05-20
"May 20, 2021",Virginia,Bristol,15528 Lee Hwy,male,Adult 18+,2021-05-20
"May 18, 2021",Virginia,Staunton,700 block of Parkersburg Turnpike,female,Adult 18+,2021-05-18
"May 18, 2021",Virginia,Newport News,Nat Turner Blvd,male,Adult 18+,2021-05-18
"May 18, 2021",Virginia,Newport News,Nat Turner Blvd,male,Adult 18+,2021-05-18
"May 14, 2021",Virginia,Grottoes,35 Blue Fish Ln,male,Adult 18+,2021-05-14
"May 10, 2021",Virginia,Chesapeake,4200 block of Portsmouth Blvd,male,Teen 12-17,2021-05-10
"May 10, 2021",Virginia,Chesapeake,4200 block of Portsmouth Blvd,male,Teen 12-17,2021-05-10
"May 10, 2021",Virginia,Chesapeake,4200 block of Portsmouth Blvd,male,Teen 12-17,2021-05-10
"May 10, 2021",Virginia,Chesapeake,4200 block of Portsmouth Blvd,male,Teen 12-17,2021-05-10
"May 10, 2021",Virginia,Colonial Heights,I-95 and Woods Edge Rd,female,Adult 18+,2021-05-10
"May 7, 2021",Virginia,Norton,780 Commonwealth Dr,male,Adult 18+,2021-05-07
"May 7, 2021",Virginia,Norton,780 Commonwealth Dr,male,Adult 18+,2021-05-07
"May 3, 2021",Virginia,Mc Lean,1000 Colonial Farm Rd,male,Adult 18+,2021-05-03
"April 21, 2021",Virginia,Spotsylvania,12200 block of W Catharpin Rd,male,Adult 18+,2021-04-21
"April 19, 2021",Virginia,Elk Creek,Winterplace Ln,male,Teen 12-17,2021-04-19
"April 19, 2021",Virginia,Elk Creek,Winterplace Ln,male,Teen 12-17,2021-04-19
"April 19, 2021",Virginia,Elk Creek,Winterplace Ln,female,Adult 18+,2021-04-19
"April 19, 2021",Virginia,Elk Creek,Winterplace Ln,N/A,Adult 18+,2021-04-19
"April 18, 2021",Virginia,Fredericksburg,500 block of Sophia St,male,Adult 18+,2021-04-18
"March 31, 2021",Virginia,Stephens City,100 block of Brandy Ln,male,Adult 18+,2021-03-31
"March 30, 2021",Virginia,Bristol,2221 Euclid Ave,male,Adult 18+,2021-03-30
"March 29, 2021",Virginia,Pulaski,10th St NW and Randolph Ave,male,Adult 18+,2021-03-29
"March 26, 2021",Virginia,Virginia Beach,300 block of 20th St,male,Adult 18+,2021-03-26
"March 25, 2021",Virginia,King George,3930 James Madison Pkwy,female,Adult 18+,2021-03-25
"March 25, 2021",Virginia,King George,3930 James Madison Pkwy,male,Adult 18+,2021-03-25
"March 25, 2021",Virginia,King George,3930 James Madison Pkwy,male,Adult 18+,2021-03-25
"March 20, 2021",Virginia,Harrisonburg,910 N Main St,male,Adult 18+,2021-03-20
"March 20, 2021",Virginia,Harrisonburg,910 N Main St,male,Adult 18+,2021-03-20
"March 11, 2021",Virginia,Front Royal,9800 block of Winchester Rd,male,Adult 18+,2021-03-11
"February 26, 2021",Virginia,Stanley,600 block of Judy Ln,male,Adult 18+,2021-02-26
"February 26, 2021",Virginia,Stanley,600 block of Judy Ln,male,Adult 18+,2021-02-26
"February 25, 2021",Virginia,Culpeper,12000 block of Horseshoe Dr,male,Adult 18+,2021-02-25
"February 25, 2021",Virginia,Lynchburg,109 Holcomb Path Rd,male,Adult 18+,2021-02-25
"February 23, 2021",Virginia,Chatham,Strawberry Rd,male,Adult 18+,2021-02-23
"February 18, 2021",Virginia,Newport News,5400 block of Arlington Ave,male,Adult 18+,2021-02-18
"February 18, 2021",Virginia,Midlothian,11300 block of Sunfield Dr,male,Adult 18+,2021-02-18
"February 11, 2021",Virginia,Duffield,Mabe Stanleytown Rd,N/A,Unknown,2021-02-11
"February 11, 2021",Virginia,Duffield,Mabe Stanleytown Rd,N/A,Unknown,2021-02-11
"February 11, 2021",Virginia,Duffield,Mabe Stanleytown Rd,N/A,Unknown,2021-02-11
"February 11, 2021",Virginia,Duffield,Mabe Stanleytown Rd,N/A,Unknown,2021-02-11
"February 11, 2021",Virginia,Duffield,Mabe Stanleytown Rd,N/A,Unknown,2021-02-11
"February 8, 2021",Virginia,Haysi,24658 Dickenson Hwy,male,Adult 18+,2021-02-08
"February 8, 2021",Virginia,Haysi,24658 Dickenson Hwy,male,Adult 18+,2021-02-08
"February 5, 2021",Virginia,Martinsville,730 E Church St,male,Adult 18+,2021-02-05
"February 5, 2021",Virginia,Martinsville,730 E Church St,male,Adult 18+,2021-02-05
"February 5, 2021",Virginia,Martinsville,730 E Church St,male,Adult 18+,2021-02-05
"February 5, 2021",Virginia,Martinsville,730 E Church St,male,Adult 18+,2021-02-05
"February 5, 2021",Virginia,Martinsville,730 E Church St,male,Adult 18+,2021-02-05
"February 1, 2021",Virginia,Woodford,17000 block of Countyline Church Rd,male,Adult 18+,2021-02-01
"January 17, 2021",Virginia,Fredericksburg,1130 International Pkwy,male,Adult 18+,2021-01-17
"January 17, 2021",Virginia,Fredericksburg,1130 International Pkwy,male,Adult 18+,2021-01-17
"January 15, 2021",Virginia,Arlington,George Washington Memorial Pkwy,male,Adult 18+,2021-01-15
"January 13, 2021",Virginia,Powhatan,300 block of Bellson Ln,male,Adult 18+,2021-01-13
"January 13, 2021",Virginia,Colonial Heights,17100 block of Lansmill Dr,female,Adult 18+,2021-01-13
"January 13, 2021",Virginia,Colonial Heights,17100 block of Lansmill Dr,male,Adult 18+,2021-01-13
"January 9, 2021",Virginia,Rockville,I-64,male,Adult 18+,2021-01-09
"January 2, 2021",Virginia,Sterling,45415 Dulles Crossing Plaza,male,Adult 18+,2021-01-02
"January 2, 2021",Virginia,Sterling,45415 Dulles Crossing Plaza,N/A,Adult 18+,2021-01-02
"January 2, 2021",Virginia,Sterling,45415 Dulles Crossing Plaza,N/A,Adult 18+,2021-01-02
"January 2, 2021",Virginia,Sterling,45415 Dulles Crossing Plaza,male,Adult 18+,2021-01-02
"December 31, 2020",Virginia,Richmond,1300 block of Coalter St,male,Adult 18+,2020-12-31
"December 28, 2020",Virginia,Yorktown,100 block of Leslie Ln,male,Adult 18+,2020-12-28
"December 28, 2020",Virginia,Yorktown,100 block of Leslie Ln,male,Adult 18+,2020-12-28
"December 28, 2020",Virginia,Norfolk,200 block of W 25th St,male,Adult 18+,2020-12-28
"December 27, 2020",Virginia,Salem,Dogwood Ave,male,Adult 18+,2020-12-27
"December 26, 2020",Virginia,Milford,29000 block of Sparta Rd,male,Adult 18+,2020-12-26
"December 26, 2020",Virginia,Milford,29000 block of Sparta Rd,male,Adult 18+,2020-12-26
"December 26, 2020",Virginia,Milford,29000 block of Sparta Rd,female,Adult 18+,2020-12-26
"December 22, 2020",Virginia,Stanleytown,Henry St,male,Adult 18+,2020-12-22
"December 17, 2020",Virginia,Falls Church,2000 block of Peach Orchard Dr,male,Adult 18+,2020-12-17
"December 17, 2020",Virginia,Falls Church,2000 block of Peach Orchard Dr,N/A,Teen 12-17,2020-12-17
"December 10, 2020",Virginia,Harrisonburg,3210 S Main St,male,Adult 18+,2020-12-10
"December 10, 2020",Virginia,Harrisonburg,3210 S Main St,female,Adult 18+,2020-12-10
"December 10, 2020",Virginia,Dumfries (Montclair),3600 block of Secret Grove Ct,male,Adult 18+,2020-12-10
"December 3, 2020",Virginia,Richmond,5600 block of Crenshaw Rd,male,Adult 18+,2020-12-03
"November 26, 2020",Virginia,Culpeper,13000 block of Brock Ln,male,Adult 18+,2020-11-26
"November 24, 2020",Virginia,Broadway,Daphna Rd and Brethren Rd,N/A,Adult 18+,2020-11-24
"November 24, 2020",Virginia,Broadway,Daphna Rd and Brethren Rd,male,Adult 18+,2020-11-24
"November 19, 2020",Virginia,Roanoke,Mason Mill Rd NE and Hollins Rd NE,male,Adult 18+,2020-11-19
"November 10, 2020",Virginia,Williamsburg,200 block of Portmarnoch,male,Adult 18+,2020-11-10
"October 26, 2020",Virginia,Alexandria,625 1st St,N/A,Adult 18+,2020-10-26
"October 26, 2020",Virginia,Alexandria,625 1st St,male,Adult 18+,2020-10-26
"October 26, 2020",Virginia,Alexandria,625 1st St,male,Adult 18+,2020-10-26
"October 23, 2020",Virginia,Staunton,Miller St,male,Adult 18+,2020-10-23
"October 12, 2020",Virginia,Petersburg,3199 S Crater Rd,female,Adult 18+,2020-10-12
"October 10, 2020",Virginia,Newport News,50 block of Cedarwood Way,male,Adult 18+,2020-10-10
"October 6, 2020",Virginia,Newport News,Hanover Way and Jefferson Ave,male,Unknown,2020-10-06
"October 6, 2020",Virginia,Newport News,Hanover Way and Jefferson Ave,male,Unknown,2020-10-06
"September 22, 2020",Virginia,Nokesville,14500 block of Leary St,male,Adult 18+,2020-09-22
"September 17, 2020",Virginia,Suffolk,5500 block of Godwin Blvd,male,Adult 18+,2020-09-17
"September 17, 2020",Virginia,Suffolk,5500 block of Godwin Blvd,male,Adult 18+,2020-09-17
"September 6, 2020",Virginia,Hurley,VA-643,male,Adult 18+,2020-09-06
"September 6, 2020",Virginia,Virginia Beach,300 block of Garrison Pl,male,Adult 18+,2020-09-06
"August 31, 2020",Virginia,Fredericksburg,1001 Sam Perry Blvd,female,Adult 18+,2020-08-31
"August 24, 2020",Virginia,Louisa,Ellisville Dr,male,Adult 18+,2020-08-24
"August 21, 2020",Virginia,Richmond,Coalter St and Littlepage St,male,Adult 18+,2020-08-21
"August 21, 2020",Virginia,Richmond,Coalter St and Littlepage St,male,Adult 18+,2020-08-21
"August 21, 2020",Virginia,Richmond,Coalter St and Littlepage St,male,Adult 18+,2020-08-21
"August 20, 2020",Virginia,Richmond,Harvie Rd and Reynolds Rd,male,Adult 18+,2020-08-20
"August 20, 2020",Virginia,Woodstock,5153 Back Rd,male,Adult 18+,2020-08-20
"August 12, 2020",Virginia,Virginia Beach,6308 Blakely Square,male,Adult 18+,2020-08-12
"July 23, 2020",Virginia,Chesapeake,1300 block of Bainbridge Blvd,male,Adult 18+,2020-07-23
"July 11, 2020",Virginia,Newport News,200 block of Exeter Rd,male,Adult 18+,2020-07-11
"July 11, 2020",Virginia,Newport News,200 block of Exeter Rd,female,Adult 18+,2020-07-11
"July 7, 2020",Virginia,Wytheville,586 Whippoorwill Rd,male,Adult 18+,2020-07-07
"July 7, 2020",Virginia,Wytheville,586 Whippoorwill Rd,male,Adult 18+,2020-07-07
"July 7, 2020",Virginia,Wytheville,586 Whippoorwill Rd,male,Adult 18+,2020-07-07
"July 1, 2020",Virginia,Newport News,50 block of Normandy Ln,male,Adult 18+,2020-07-01
"June 25, 2020",Virginia,Roanoke,3530 Dona Dr NW,male,Adult 18+,2020-06-25
"June 25, 2020",Virginia,Roanoke,3530 Dona Dr NW,male,Adult 18+,2020-06-25
"June 20, 2020",Virginia,Roanoke,2528 Edinburgh Dr NW,male,Adult 18+,2020-06-20
"June 18, 2020",Virginia,Radford (Fairlawn),6499 Annie Akers Rd,male,Adult 18+,2020-06-18
"June 17, 2020",Virginia,Prince George,2035 Waterside Rd,male,Adult 18+,2020-06-17
"June 14, 2020",Virginia,Woodbridge,Harbor Side St,male,Adult 18+,2020-06-14
"June 11, 2020",Virginia,Danville,8601 Mt Cross Rd,male,Adult 18+,2020-06-11
"June 11, 2020",Virginia,Riner,3700 block of Childress Rd,male,Adult 18+,2020-06-11
"June 2, 2020",Virginia,Richmond,1000 block of Semmes Ave,male,Adult 18+,2020-06-02
"June 2, 2020",Virginia,Richmond,1000 block of Semmes Ave,male,Adult 18+,2020-06-02
"June 2, 2020",Virginia,Richmond,1000 block of Semmes Ave,male,Adult 18+,2020-06-02
"May 30, 2020",Virginia,Charlottesville,Lankford Ave and 1st St,male,Adult 18+,2020-05-30
"May 30, 2020",Virginia,Charlottesville,Lankford Ave and 1st St,N/A,Unknown,2020-05-30
"May 27, 2020",Virginia,Richmond,5400 Remuda Dr,male,Adult 18+,2020-05-27
"May 27, 2020",Virginia,Richmond,5400 Remuda Dr,male,Adult 18+,2020-05-27
"May 27, 2020",Virginia,Richmond,5400 Remuda Dr,male,Adult 18+,2020-05-27
"May 20, 2020",Virginia,Buchanan,1600 block of Pico Rd,male,Adult 18+,2020-05-20
"May 13, 2020",Virginia,Ruther Glen,7000 block of Ladysmith Rd,male,Adult 18+,2020-05-13
"May 8, 2020",Virginia,Lynchburg,400 block of Hillside Ct,male,Adult 18+,2020-05-08
"May 4, 2020",Virginia,Nickelsville,Raccoon Rd,female,Adult 18+,2020-05-04
"May 3, 2020",Virginia,Powhatan,4200 block of Three Bridge Rd,male,Adult 18+,2020-05-03
"May 2, 2020",Virginia,Norfolk,800 block of E Olney Rd,male,Adult 18+,2020-05-02
"April 24, 2020",Virginia,Bristol,23053 Clayman Valley Rd,male,Adult 18+,2020-04-24
"April 24, 2020",Virginia,Bristol,23053 Clayman Valley Rd,male,Adult 18+,2020-04-24
"April 23, 2020",Virginia,Rocky Mount,1200 block of Bonbrook Mill Rd,male,Adult 18+,2020-04-23
"April 22, 2020",Virginia,Bedford,3800 block of Falling Creek Rd,male,Adult 18+,2020-04-22
"April 16, 2020",Virginia,Virginia Beach,2400 block of Indian River Rd,female,Adult 18+,2020-04-16
"April 16, 2020",Virginia,Virginia Beach,2400 block of Indian River Rd,male,Adult 18+,2020-04-16
"April 9, 2020",Virginia,Colonial Heights,100 block of Dunlop Farms Blvd,male,Adult 18+,2020-04-09
"April 6, 2020",Virginia,Lynchburg,3409 Sky View Place,male,Adult 18+,2020-04-06
"April 3, 2020",Virginia,Chesapeake,4103 Hamilton St,female,Adult 18+,2020-04-03
"April 3, 2020",Virginia,Chesapeake,4103 Hamilton St,male,Adult 18+,2020-04-03
"March 30, 2020",Virginia,Hinton,7700 block of Rawley Pike,male,Adult 18+,2020-03-30
"March 27, 2020",Virginia,Buchanan,2800 block of N Creek Rd,male,Adult 18+,2020-03-27
"March 21, 2020",Virginia,Suffolk,500 block of E Constance Rd,male,Adult 18+,2020-03-21
"March 20, 2020",Virginia,Virginia Beach,200 block of 35th St,male,Adult 18+,2020-03-20
"March 16, 2020",Virginia,Chase City,Skipwith Rd,male,Adult 18+,2020-03-16
"March 16, 2020",Virginia,Chase City,Skipwith Rd,male,Adult 18+,2020-03-16
"March 16, 2020",Virginia,Chase City,Skipwith Rd,male,Adult 18+,2020-03-16
"March 16, 2020",Virginia,Chase City,Skipwith Rd,male,Adult 18+,2020-03-16
"March 10, 2020",Virginia,Abingdon,9451 Porterfield Hwy,female,Adult 18+,2020-03-10
"March 10, 2020",Virginia,Abingdon,9451 Porterfield Hwy,male,Adult 18+,2020-03-10
"March 8, 2020",Virginia,Colonial Heights,100 block of  Cedar Creek Ln,male,Adult 18+,2020-03-08
"March 7, 2020",Virginia,Virginia Beach,1300 Oceana Blvd,N/A,Unknown,2020-03-07
"March 5, 2020",Virginia,Richmond,2300 block of Strangford Ct,male,Adult 18+,2020-03-05
"March 4, 2020",Virginia,Gretna,1304 W Gretna Rd,female,Adult 18+,2020-03-04
"March 4, 2020",Virginia,Gretna,1304 W Gretna Rd,male,Adult 18+,2020-03-04
"March 1, 2020",Virginia,Norfolk,2400 block of Juniper St,male,Adult 18+,2020-03-01
"February 27, 2020",Virginia,Sterling,VA-28 and S Sterling Blvd,male,Adult 18+,2020-02-27
"February 27, 2020",Virginia,Stafford,2925 Jefferson Davis Hwy,male,Adult 18+,2020-02-27
"February 15, 2020",Virginia,Newport News,100 block of Cedar Ave,male,Adult 18+,2020-02-15
"February 13, 2020",Virginia,Fredericksburg,5400 block of Jefferson Davis Hwy,male,Adult 18+,2020-02-13
"February 12, 2020",Virginia,Virginia Beach,900 block of Maitland Dr,male,Adult 18+,2020-02-12
"February 8, 2020",Virginia,Richmond,Spotsylvania St and Accommodation St,male,Teen 12-17,2020-02-08
"February 3, 2020",Virginia,Spotsylvania,10122 Kensal Way,male,Adult 18+,2020-02-03
"January 28, 2020",Virginia,Falls Church,7600 block of Lee Landing Dr,male,Adult 18+,2020-01-28
"January 27, 2020",Virginia,Portsmouth,10 block of Broda Ct,male,Adult 18+,2020-01-27
"January 19, 2020",Virginia,Chesapeake,2600 block of Bainbridge Blvd,male,Adult 18+,2020-01-19
"January 19, 2020",Virginia,Chesapeake,2600 block of Bainbridge Blvd,male,Adult 18+,2020-01-19
"January 2, 2020",Virginia,Norfolk,3360 E Princess Anne Rd,female,Adult 18+,2020-01-02
"January 1, 2020",Virginia,Martinsville,Theatre St and Joseph Martin Hwy,male,Adult 18+,2020-01-01
"January 1, 2020",Virginia,Martinsville,Theatre St and Joseph Martin Hwy,male,Adult 18+,2020-01-01
"January 1, 2020",Virginia,Warsaw,1000 block of Finchs Hill Rd,male,Adult 18+,2020-01-01
"December 27, 2019",Virginia,Newport News,100 block of Nantucket Pl,male,Adult 18+,2019-12-27
"December 27, 2019",Virginia,Newport News,100 block of Nantucket Pl,male,Adult 18+,2019-12-27
"December 14, 2019",Virginia,Martinsville,3288 Green Hill Dr,male,Adult 18+,2019-12-14
"December 7, 2019",Virginia,Fredericksburg,2200 Green Tree Rd,male,Adult 18+,2019-12-07
"December 4, 2019",Virginia,Lovettsville,15 N Church St,male,Adult 18+,2019-12-04
"December 4, 2019",Virginia,Lovettsville,15 N Church St,male,Adult 18+,2019-12-04
"November 9, 2019",Virginia,Rural Retreat,500 block of Chinquapin Ave,male,Adult 18+,2019-11-09
"November 6, 2019",Virginia,Lynchburg,2000 block of Royal Oak Dr,male,Adult 18+,2019-11-06
"October 21, 2019",Virginia,Burke,6128 Wicklow Dr,female,Adult 18+,2019-10-21
"October 21, 2019",Virginia,Burke,6128 Wicklow Dr,male,Adult 18+,2019-10-21
"October 21, 2019",Virginia,Burke,6128 Wicklow Dr,N/A,Adult 18+,2019-10-21
"October 21, 2019",Virginia,Burke,6128 Wicklow Dr,N/A,Adult 18+,2019-10-21
"October 21, 2019",Virginia,Burke,6128 Wicklow Dr,male,Adult 18+,2019-10-21
"October 19, 2019",Virginia,Waynesboro,112 Pelham Dr,male,Adult 18+,2019-10-19
"October 16, 2019",Virginia,Roanoke,1625 Hershberger Rd NW,male,Adult 18+,2019-10-16
"October 14, 2019",Virginia,Bedford,Conner Ln,male,Adult 18+,2019-10-14
"October 11, 2019",Virginia,Floyd,Christiansburg Pike NE,male,Adult 18+,2019-10-11
"October 11, 2019",Virginia,Floyd,Christiansburg Pike NE,male,Adult 18+,2019-10-11
"September 17, 2019",Virginia,Richmond,2900 block of Huntwick Ct,female,Adult 18+,2019-09-17
"September 14, 2019",Virginia,Toano,3400 block of Old Stage Rd,male,Adult 18+,2019-09-14
"September 13, 2019",Virginia,Alexandria,300 block of N Beauregard St,male,Unknown,2019-09-13
"August 31, 2019",Virginia,Newport News,800 block of Henrico Ct,female,Adult 18+,2019-08-31
"August 28, 2019",Virginia,Arlington (Crystal City),1550 Crystal Dr,male,Adult 18+,2019-08-28
"August 28, 2019",Virginia,Arlington (Crystal City),1550 Crystal Dr,female,Adult 18+,2019-08-28
"August 23, 2019",Virginia,Richmond,5600 block of Petoskey Ave,male,Unknown,2019-08-23
"August 23, 2019",Virginia,Richmond,5600 block of Petoskey Ave,male,Teen 12-17,2019-08-23
"August 23, 2019",Virginia,Richmond,5600 block of Petoskey Ave,male,Unknown,2019-08-23
"August 17, 2019",Virginia,Newport News,115 Ottis St,male,Adult 18+,2019-08-17
"August 17, 2019",Virginia,Newport News,115 Ottis St,female,Adult 18+,2019-08-17
"August 17, 2019",Virginia,Newport News,115 Ottis St,male,Adult 18+,2019-08-17
"August 17, 2019",Virginia,Newport News,115 Ottis St,female,Adult 18+,2019-08-17
"August 15, 2019",Virginia,Woodbridge,4300 block of Flodden Ct,male,Adult 18+,2019-08-15
"August 14, 2019",Virginia,Newport News,300 block of Charles St,male,Adult 18+,2019-08-14
"August 2, 2019",Virginia,Virginia Beach,1611 Midway Rd,male,Adult 18+,2019-08-02
"July 25, 2019",Virginia,Hampton,100 block of Findley Square,male,Adult 18+,2019-07-25
"July 25, 2019",Virginia,Hampton,100 block of Findley Square,female,Adult 18+,2019-07-25
"July 21, 2019",Virginia,Richmond,1500 block of Magnolia St,N/A,Adult 18+,2019-07-21
"July 21, 2019",Virginia,Richmond,1500 block of Magnolia St,male,Adult 18+,2019-07-21
"July 19, 2019",Virginia,Roanoke,600 block of 12th Street NW,male,Adult 18+,2019-07-19
"July 9, 2019",Virginia,West Point,7800 block of Plum Point Rd,male,Adult 18+,2019-07-09
"July 9, 2019",Virginia,Richmond,1000 Mosby St,N/A,Unknown,2019-07-09
"July 9, 2019",Virginia,Waynesboro,Alexander Ln,male,Adult 18+,2019-07-09
"July 7, 2019",Virginia,Timberville,19000 block of Mechanicsville Rd,male,Adult 18+,2019-07-07
"July 2, 2019",Virginia,Fincastle,Big Springs Rd,male,Adult 18+,2019-07-02
"July 2, 2019",Virginia,Portsmouth,100 block of Mount Vernon Ave,male,Adult 18+,2019-07-02
"June 26, 2019",Virginia,Timberville,600 block of Lone Pine Dr,male,Adult 18+,2019-06-26
"May 31, 2019",Virginia,Virginia Beach,2405 Courthouse Drive,female,Adult 18+,2019-05-31
"May 31, 2019",Virginia,Virginia Beach,2405 Courthouse Drive,N/A,Unknown,2019-05-31
"May 31, 2019",Virginia,Virginia Beach,2405 Courthouse Drive,male,Adult 18+,2019-05-31
"May 31, 2019",Virginia,Virginia Beach,2405 Courthouse Drive,N/A,Unknown,2019-05-31
"May 31, 2019",Virginia,Virginia Beach,2405 Courthouse Drive,N/A,Unknown,2019-05-31
"May 31, 2019",Virginia,Virginia Beach,2405 Courthouse Drive,female,Adult 18+,2019-05-31
"May 31, 2019",Virginia,Virginia Beach,2405 Courthouse Drive,male,Adult 18+,2019-05-31
"May 31, 2019",Virginia,Virginia Beach,2405 Courthouse Drive,male,Adult 18+,2019-05-31
"May 31, 2019",Virginia,Virginia Beach,2405 Courthouse Drive,male,Adult 18+,2019-05-31
"May 31, 2019",Virginia,Virginia Beach,2405 Courthouse Drive,female,Adult 18+,2019-05-31
"May 31, 2019",Virginia,Virginia Beach,2405 Courthouse Drive,male,Adult 18+,2019-05-31
"May 31, 2019",Virginia,Virginia Beach,2405 Courthouse Drive,male,Adult 18+,2019-05-31
"May 31, 2019",Virginia,Virginia Beach,2405 Courthouse Drive,male,Adult 18+,2019-05-31
"May 31, 2019",Virginia,Virginia Beach,2405 Courthouse Drive,male,Adult 18+,2019-05-31
"May 31, 2019",Virginia,Virginia Beach,2405 Courthouse Drive,female,Adult 18+,2019-05-31
"May 31, 2019",Virginia,Virginia Beach,2405 Courthouse Drive,male,Adult 18+,2019-05-31
"May 31, 2019",Virginia,Virginia Beach,2405 Courthouse Drive,female,Adult 18+,2019-05-31
"May 31, 2019",Virginia,Virginia Beach,2405 Courthouse Drive,female,Adult 18+,2019-05-31
"May 29, 2019",Virginia,Lexington,2800 block of US 60,male,Adult 18+,2019-05-29
"May 29, 2019",Virginia,Newport News,811 E City Hall Ave,male,Adult 18+,2019-05-29
"May 15, 2019",Virginia,Newport News,800 block of Old Oyster Point Rd,male,Adult 18+,2019-05-15
"May 15, 2019",Virginia,Newport News,800 block of Old Oyster Point Rd,male,Adult 18+,2019-05-15
"May 9, 2019",Virginia,Wytheville,W Railroad Ave,female,Adult 18+,2019-05-09
"May 9, 2019",Virginia,Wytheville,W Railroad Ave,male,Adult 18+,2019-05-09
"May 6, 2019",Virginia,Richmond,2100 block of Dinwiddie Ave,male,Adult 18+,2019-05-06
"May 6, 2019",Virginia,Richmond,2100 block of Dinwiddie Ave,male,Adult 18+,2019-05-06
"May 1, 2019",Virginia,Hiltons,Canoe Trail Rd,male,Adult 18+,2019-05-01
"April 22, 2019",Virginia,Bedford,100 block of Shepherd Ln,male,Adult 18+,2019-04-22
"April 22, 2019",Virginia,Bedford,100 block of Shepherd Ln,male,Adult 18+,2019-04-22
"April 22, 2019",Virginia,Bedford,100 block of Shepherd Ln,female,Adult 18+,2019-04-22
"April 6, 2019",Virginia,Bristol,228 Roo Pl,male,Adult 18+,2019-04-06
"April 6, 2019",Virginia,Louisa,19000 block of Louisa Rd,male,Adult 18+,2019-04-06
"April 5, 2019",Virginia,Virginia Beach,1750 Tomcat Blvd,female,Adult 18+,2019-04-05
"April 5, 2019",Virginia,Virginia Beach,1750 Tomcat Blvd,male,Adult 18+,2019-04-05
"March 29, 2019",Virginia,Charlottesville,N/A,male,Adult 18+,2019-03-29
"March 28, 2019",Virginia,Chesapeake,4100 block of Nina Dr,male,Adult 18+,2019-03-28
"March 20, 2019",Virginia,Iron Gate,802 Commerce Ave,male,Adult 18+,2019-03-20
"March 19, 2019",Virginia,Roanoke,17th St and Centre Ave NW,N/A,Unknown,2019-03-19
"February 16, 2019",Virginia,Bluefield,US 460 and  SR 720,male,Adult 18+,2019-02-16
"February 16, 2019",Virginia,Bluefield,US 460 and  SR 720,male,Adult 18+,2019-02-16
"February 9, 2019",Virginia,Virginia Beach,5700 block of Paiute Rd,male,Adult 18+,2019-02-09
"February 8, 2019",Virginia,Virginia Beach,Lynnhaven Pkwy and S Independence Blvd,male,Adult 18+,2019-02-08
"February 8, 2019",Virginia,Virginia Beach,Lynnhaven Pkwy and S Independence Blvd,male,Adult 18+,2019-02-08
"February 4, 2019",Virginia,Farmville,1536 Cumberland Rd,male,Adult 18+,2019-02-04
"February 4, 2019",Virginia,Farmville,1536 Cumberland Rd,male,Adult 18+,2019-02-04
"February 3, 2019",Virginia,Dublin,I-81,male,Adult 18+,2019-02-03
"February 1, 2019",Virginia,Quinton,New Kent Hwy and Tunstall Rd,male,Adult 18+,2019-02-01
"January 31, 2019",Virginia,Sterling,Blossom Dr and Waterloo Station Square,male,Adult 18+,2019-01-31
"January 27, 2019",Virginia,Virginia Beach,600 block of Red Kirk Ln,N/A,Unknown,2019-01-27
"January 27, 2019",Virginia,Virginia Beach,600 block of Red Kirk Ln,male,Adult 18+,2019-01-27
"January 20, 2019",Virginia,Richmond,1400 block of St James St,male,Adult 18+,2019-01-20
"January 17, 2019",Virginia,Paeonian Springs,39000 block of Peacock Cir,male,Adult 18+,2019-01-17
"December 30, 2018",Virginia,Lynchburg,700 block of Norwood St,male,Adult 18+,2018-12-30
"December 30, 2018",Virginia,Lynchburg,700 block of Norwood St,N/A,Unknown,2018-12-30
"December 28, 2018",Virginia,Roanoke,2705 Frontage Rd NW,male,Adult 18+,2018-12-28
"December 18, 2018",Virginia,Hopewell,600 block of Elm Ct,female,Adult 18+,2018-12-18
"December 13, 2018",Virginia,Prince George,3812 Puddledock Rd,male,Adult 18+,2018-12-13
"December 11, 2018",Virginia,Danville,Moffett St,male,Adult 18+,2018-12-11
"December 6, 2018",Virginia,Roanoke (Cave Spring),5600 block of Brahma Rd,male,Adult 18+,2018-12-06
"December 5, 2018",Virginia,Richmond,2000 block of W Cary St,male,Adult 18+,2018-12-05
"December 2, 2018",Virginia,Alexandria,900 block of N Patrick St,male,Adult 18+,2018-12-02
"November 30, 2018",Virginia,Surry,16289 Rolfe Hwy,male,Adult 18+,2018-11-30
"November 30, 2018",Virginia,Hartwood,100 block of Empress Alexandra Pl,male,Adult 18+,2018-11-30
"November 14, 2018",Virginia,Max Meadows (Fort Chiswell),926 Max Meadows Rd,male,Adult 18+,2018-11-14
"November 14, 2018",Virginia,Max Meadows (Fort Chiswell),926 Max Meadows Rd,male,Adult 18+,2018-11-14
"November 4, 2018",Virginia,Woodbridge,1100 block of Laurel St,male,Adult 18+,2018-11-04
"October 27, 2018",Virginia,Chesapeake,1100 block of Alexander Ln,male,Adult 18+,2018-10-27
"October 24, 2018",Virginia,Williamsburg,4600 block of Noland Blvd,male,Adult 18+,2018-10-24
"October 24, 2018",Virginia,Crimora,200 block of Thorofare Rd,female,Adult 18+,2018-10-24
"October 11, 2018",Virginia,Virginia Beach,1797 S Independence Blvd,male,Adult 18+,2018-10-11
"October 11, 2018",Virginia,Virginia Beach,1797 S Independence Blvd,male,Adult 18+,2018-10-11
"October 6, 2018",Virginia,Lynchburg,2000 block of Hughes Ave,male,Adult 18+,2018-10-06
"October 6, 2018",Virginia,Lynchburg,2000 block of Hughes Ave,N/A,Adult 18+,2018-10-06
"October 4, 2018",Virginia,Richmond,6020 W Broad St,male,Adult 18+,2018-10-04
"September 26, 2018",Virginia,Troutville,100 block of Westview Rd,male,Adult 18+,2018-09-26
"September 18, 2018",Virginia,Virginia Beach,300 block of 35th St,male,Adult 18+,2018-09-18
"September 18, 2018",Virginia,Virginia Beach,300 block of 35th St,male,Adult 18+,2018-09-18
"September 8, 2018",Virginia,Charlottesville,800 block of Hardy Drive,N/A,Adult 18+,2018-09-08
"September 8, 2018",Virginia,Charlottesville,800 block of Hardy Drive,N/A,Adult 18+,2018-09-08
"September 8, 2018",Virginia,Charlottesville,800 block of Hardy Drive,male,Adult 18+,2018-09-08
"September 5, 2018",Virginia,Bristol,320 Vance St,female,Adult 18+,2018-09-05
"September 5, 2018",Virginia,Bristol,320 Vance St,male,Adult 18+,2018-09-05
"September 4, 2018",Virginia,Gate City,1000 block of Daniel Boone Rd,male,Adult 18+,2018-09-04
"August 27, 2018",Virginia,Narrows,3000 block of Old Wolf Creek Rd,male,Adult 18+,2018-08-27
"August 26, 2018",Virginia,Culpeper,Belle Ave and Belle Grove Ct,male,Teen 12-17,2018-08-26
"August 25, 2018",Virginia,Christiansburg,900 block of Walton Rd,male,Adult 18+,2018-08-25
"August 24, 2018",Virginia,Virginia Beach,4800 block of Baxter Rd,female,Adult 18+,2018-08-24
"August 18, 2018",Virginia,Henrico,1500 block of Edgelawn Cir,male,Adult 18+,2018-08-18
"August 16, 2018",Virginia,Fredericksburg,3100 block of Mine Rd,male,Adult 18+,2018-08-16
"August 12, 2018",Virginia,Afton,1700 block of Avon Rd,female,Adult 18+,2018-08-12
"August 12, 2018",Virginia,Afton,1700 block of Avon Rd,male,Adult 18+,2018-08-12
"August 12, 2018",Virginia,Afton,1700 block of Avon Rd,male,Adult 18+,2018-08-12
"August 2, 2018",Virginia,Fredericksburg,Hartwood Landing Ln,male,Adult 18+,2018-08-02
"August 1, 2018",Virginia,Yale,Loco School Rd and Bell Road Rd,male,Adult 18+,2018-08-01
"August 1, 2018",Virginia,Roanoke,3000 block of Cove Rd NW,male,Adult 18+,2018-08-01
"July 25, 2018",Virginia,Chesapeake,Berkley Ave and 22nd St,female,Adult 18+,2018-07-25
"July 23, 2018",Virginia,Bristol,Hillside Ave,male,Adult 18+,2018-07-23
"July 23, 2018",Virginia,Franklin,600 block of Cameron St,male,Adult 18+,2018-07-23
"July 19, 2018",Virginia,Charlottesville,112 Lankford Ave,male,Adult 18+,2018-07-19
"July 13, 2018",Virginia,Roanoke,5000 block of Youngwood Dr NW,male,Adult 18+,2018-07-13
"July 11, 2018",Virginia,Richmond (Bon Air),Midlothian Turnpike and N Pinetta Dr,male,Unknown,2018-07-11
"July 5, 2018",Virginia,Glasgow,1000 block of Kanawha St,male,Adult 18+,2018-07-05
"July 2, 2018",Virginia,Winchester,400 block of N Loudon St,male,Unknown,2018-07-02
"June 26, 2018",Virginia,Stafford,1300 Courthouse Rd,male,Adult 18+,2018-06-26
"June 22, 2018",Virginia,Harrisonburg,1752 E Market St,male,Adult 18+,2018-06-22
"June 13, 2018",Virginia,Bluemont,19844 Blue Ridge Mountain Rd,male,Adult 18+,2018-06-13
"June 13, 2018",Virginia,Bluemont,19844 Blue Ridge Mountain Rd,male,Adult 18+,2018-06-13
"June 6, 2018",Virginia,Richmond,Mountain Pine Blvd,male,Adult 18+,2018-06-06
"May 31, 2018",Virginia,Chester,2401 W Hundred Rd,female,Adult 18+,2018-05-31
"May 31, 2018",Virginia,Chester,2401 W Hundred Rd,male,Adult 18+,2018-05-31
"May 24, 2018",Virginia,Manassas,7400 block of Willoughby Lane,male,Adult 18+,2018-05-24
"May 24, 2018",Virginia,Manassas,7400 block of Willoughby Lane,male,Adult 18+,2018-05-24
"May 24, 2018",Virginia,Manassas,7400 block of Willoughby Lane,male,Teen 12-17,2018-05-24
"May 14, 2018",Virginia,Richmond,I-95 and Chamberlayne Ave,male,Adult 18+,2018-05-14
"May 13, 2018",Virginia,Portsmouth,140 block of Navajo Trail,male,Adult 18+,2018-05-13
"May 11, 2018",Virginia,King And Queen Court House,Court House Landing Rd,male,Adult 18+,2018-05-11
"May 11, 2018",Virginia,King And Queen Court House,Court House Landing Rd,female,Adult 18+,2018-05-11
"May 8, 2018",Virginia,Newport News,1100 block of 23rd St,male,Adult 18+,2018-05-08
"May 8, 2018",Virginia,Glade Spring,VA 91 and US 11,male,Adult 18+,2018-05-08
"May 7, 2018",Virginia,Timberville,153 Bellevue St,male,Adult 18+,2018-05-07
"May 7, 2018",Virginia,Timberville,153 Bellevue St,male,Adult 18+,2018-05-07
"May 7, 2018",Virginia,Hampton,10 block of Derby Dr,male,Unknown,2018-05-07
"May 7, 2018",Virginia,Hampton,10 block of Derby Dr,male,Unknown,2018-05-07
"May 7, 2018",Virginia,Hampton,10 block of Derby Dr,male,Unknown,2018-05-07
"May 7, 2018",Virginia,Hampton,10 block of Derby Dr,male,Unknown,2018-05-07
"May 3, 2018",Virginia,Arlington,11th St S and S Edgewood St,female,Adult 18+,2018-05-03
"May 3, 2018",Virginia,Arlington,11th St S and S Edgewood St,male,Adult 18+,2018-05-03
"April 9, 2018",Virginia,Danville,Southern St,male,Adult 18+,2018-04-09
"April 8, 2018",Virginia,Danville,200 block of Sunset Dr,male,Adult 18+,2018-04-08
"April 3, 2018",Virginia,Portsmouth,2800 block of Victory Blvd,male,Adult 18+,2018-04-03
"April 1, 2018",Virginia,Richmond,1800 block of Nine Mile Rd,male,Adult 18+,2018-04-01
"April 1, 2018",Virginia,Richmond,1800 block of Nine Mile Rd,male,Adult 18+,2018-04-01
"March 29, 2018",Virginia,Blacksburg,Briarwood Dr,male,Adult 18+,2018-03-29
"March 27, 2018",Virginia,Chester,3200 block of Ludgate Rd,male,Adult 18+,2018-03-27
"March 26, 2018",Virginia,Big Stone Gap,US 23,male,Adult 18+,2018-03-26
"March 21, 2018",Virginia,Richmond,I-95 and Belvidere St,male,Adult 18+,2018-03-21
"March 16, 2018",Virginia,Newport News,4710 Marshall Ave,male,Adult 18+,2018-03-16
"March 14, 2018",Virginia,Oakton,2800 block of Hunter Rd,male,Adult 18+,2018-03-14
"March 13, 2018",Virginia,Richmond,6815 Forest Hill Ave,male,Adult 18+,2018-03-13
"March 13, 2018",Virginia,Alexandria,1005 Mt Vernon Ave,male,Adult 18+,2018-03-13
"March 8, 2018",Virginia,Fredericksburg,Tangible Ct,male,Teen 12-17,2018-03-08
"March 4, 2018",Virginia,Virginia Beach,I-264 and First Colonial Road,male,Adult 18+,2018-03-04
"March 1, 2018",Virginia,Sandston,I-64 and S Airport Dr,male,Adult 18+,2018-03-01
"February 23, 2018",Virginia,Dumfries,16925 Old Stage Rd,male,Adult 18+,2018-02-23
"February 22, 2018",Virginia,Midlothian,12000 Timber Trail Dr,male,Adult 18+,2018-02-22
"February 17, 2018",Virginia,Lynchburg,2100 block of Link Rd,female,Adult 18+,2018-02-17
"February 17, 2018",Virginia,Lynchburg,2100 block of Link Rd,male,Adult 18+,2018-02-17
"February 17, 2018",Virginia,Lynchburg,2100 block of Link Rd,male,Adult 18+,2018-02-17
"February 16, 2018",Virginia,Winchester,100 block of Gregory Pl,male,Adult 18+,2018-02-16
"February 7, 2018",Virginia,Ashburn,45299 Research Pl,male,Adult 18+,2018-02-07
"February 1, 2018",Virginia,Hampton,Jacklyn Cir,male,Adult 18+,2018-02-01
"January 28, 2018",Virginia,Richmond,1500 block of Texas Ave,male,Adult 18+,2018-01-28
"January 28, 2018",Virginia,Herndon,13200 block of Ladybank Ln,male,Adult 18+,2018-01-28
"January 27, 2018",Virginia,Richmond,600 block of Lambath Road,N/A,Unknown,2018-01-27
"January 26, 2018",Virginia,Big Stone Gap,Gibson Hill Rd,male,Adult 18+,2018-01-26
"January 11, 2018",Virginia,Petersburg,2200 block of Butler Branch Rd,male,Adult 18+,2018-01-11
"January 7, 2018",Virginia,Danville,1069 Halifax Rd,female,Adult 18+,2018-01-07
"January 7, 2018",Virginia,Danville,1069 Halifax Rd,male,Adult 18+,2018-01-07
"January 4, 2018",Virginia,Eggleston,3589 Church Hill Rd,male,Adult 18+,2018-01-04
"January 4, 2018",Virginia,Eggleston,3589 Church Hill Rd,male,Adult 18+,2018-01-04
"December 29, 2017",Virginia,Fieldale,N/A,male,Adult 18+,2017-12-29
"December 28, 2017",Virginia,Fredericksburg,18 Newcastle Pl,female,Adult 18+,2017-12-28
"December 28, 2017",Virginia,Fredericksburg,18 Newcastle Pl,male,Adult 18+,2017-12-28
"December 28, 2017",Virginia,Fredericksburg,Heron Drive,N/A,Unknown,2017-12-28
"December 28, 2017",Virginia,Fredericksburg,Heron Drive,female,Unknown,2017-12-28
"December 27, 2017",Virginia,Chester,Rivers Bend Blvd and Sunset Blvd,male,Adult 18+,2017-12-27
"December 24, 2017",Virginia,Sterling,46700 Hollow Mountain Place,male,Adult 18+,2017-12-24
"December 24, 2017",Virginia,Sterling,46700 Hollow Mountain Place,male,Adult 18+,2017-12-24
"December 24, 2017",Virginia,Sterling,46700 Hollow Mountain Place,female,Adult 18+,2017-12-24
"December 16, 2017",Virginia,Newport News,1000 block of 20th St,male,Adult 18+,2017-12-16
"December 15, 2017",Virginia,Lexington,744 N Lee Hwy,male,Adult 18+,2017-12-15
"December 14, 2017",Virginia,Richmond,3300 block of 4th Ave,N/A,Unknown,2017-12-14
"December 14, 2017",Virginia,Richmond,3300 block of 4th Ave,male,Adult 18+,2017-12-14
"December 14, 2017",Virginia,Richmond,3300 block of 4th Ave,male,Adult 18+,2017-12-14
"December 8, 2017",Virginia,Stafford,217 Garrisonville Rd,female,Adult 18+,2017-12-08
"December 5, 2017",Virginia,Gate City,VA 665,female,Adult 18+,2017-12-05
"December 5, 2017",Virginia,Gate City,VA 665,female,Adult 18+,2017-12-05
"December 5, 2017",Virginia,Gate City,VA 665,female,Adult 18+,2017-12-05
"December 5, 2017",Virginia,Bassett,3300 block of Philpott Dr,male,Adult 18+,2017-12-05
"November 27, 2017",Virginia,Richmond,4211 Beulah Rd,male,Teen 12-17,2017-11-27
"November 27, 2017",Virginia,Richmond,4211 Beulah Rd,male,Adult 18+,2017-11-27
"November 22, 2017",Virginia,Rocky Mount,Dillard Ln,male,Adult 18+,2017-11-22
"November 22, 2017",Virginia,Rocky Mount,Dillard Ln,male,Adult 18+,2017-11-22
"November 17, 2017",Virginia,Alexandria (Fort Hunt),Fort Hunt Rd and Alexandria Ave,male,Adult 18+,2017-11-17
"November 8, 2017",Virginia,Roanoke,2600 block of Fairfield Dr,male,Adult 18+,2017-11-08
"November 6, 2017",Virginia,Lynchburg,2900 block of Triangle Pl,female,Adult 18+,2017-11-06
"November 6, 2017",Virginia,Portsmouth,2500 block of Hickory St,female,Adult 18+,2017-11-06
"November 6, 2017",Virginia,Portsmouth,2500 block of Hickory St,male,Teen 12-17,2017-11-06
"November 5, 2017",Virginia,Shipman,Craigtown Rd,male,Adult 18+,2017-11-05
"October 29, 2017",Virginia,Portsmouth,1100 block of Tatem Ave,male,Adult 18+,2017-10-29
"October 29, 2017",Virginia,Portsmouth,1100 block of Tatem Ave,male,Adult 18+,2017-10-29
"October 17, 2017",Virginia,Hampton,715 Kecoughtan Rd,male,Adult 18+,2017-10-17
"October 17, 2017",Virginia,Hampton,715 Kecoughtan Rd,male,Adult 18+,2017-10-17
"October 17, 2017",Virginia,Hampton,715 Kecoughtan Rd,male,Adult 18+,2017-10-17
"October 17, 2017",Virginia,Hampton,715 Kecoughtan Rd,male,Teen 12-17,2017-10-17
"October 17, 2017",Virginia,Hampton,715 Kecoughtan Rd,male,Teen 12-17,2017-10-17
"October 14, 2017",Virginia,Rocky Mount,832 Tanyard Rd,male,Adult 18+,2017-10-14
"October 13, 2017",Virginia,Charlottesville,300 block of Riverside Ave,male,Adult 18+,2017-10-13
"October 11, 2017",Virginia,Chester,11900 Chester Village Dr,male,Adult 18+,2017-10-11
"October 8, 2017",Virginia,Abingdon,2200 block of Goldenview Dr,male,Adult 18+,2017-10-08
"October 7, 2017",Virginia,Richmond,I-95,male,Adult 18+,2017-10-07
"September 25, 2017",Virginia,Portsmouth,100 block of Gillis Rd,male,Adult 18+,2017-09-25
"September 23, 2017",Virginia,Chesterfield,7000 block of Velvet Antler,male,Adult 18+,2017-09-23
"September 22, 2017",Virginia,Monroe,3378 S Amherst Hwy,male,Adult 18+,2017-09-22
"September 22, 2017",Virginia,Monroe,3378 S Amherst Hwy,male,Adult 18+,2017-09-22
"September 19, 2017",Virginia,Independence,423 Power House Rd,male,Adult 18+,2017-09-19
"September 19, 2017",Virginia,Henrico (Tuckahoe),September Dr and Lakeway Ct,female,Adult 18+,2017-09-19
"September 19, 2017",Virginia,Henrico (Tuckahoe),September Dr and Lakeway Ct,male,Adult 18+,2017-09-19
"September 18, 2017",Virginia,Roanoke,5200 block of Quail Hollow Cir,male,Adult 18+,2017-09-18
"September 15, 2017",Virginia,Haymarket,6800 block of Hartzell Hill,male,Teen 12-17,2017-09-15
"September 11, 2017",Virginia,Portsmouth,149 Gillis Road,male,Adult 18+,2017-09-11
"August 22, 2017",Virginia,Vinton,424 W Cleveland Ave,male,Adult 18+,2017-08-22
"August 16, 2017",Virginia,Chesapeake,S Military Hwy,male,Adult 18+,2017-08-16
"August 9, 2017",Virginia,Richmond (Bon Air),W Bon View Dr,N/A,Unknown,2017-08-09
"July 31, 2017",Virginia,Pennington Gap,Hickory Flats Rd,male,Adult 18+,2017-07-31
"July 25, 2017",Virginia,Williamsburg,535 2nd St,male,Adult 18+,2017-07-25
"July 25, 2017",Virginia,Williamsburg,535 2nd St,male,Adult 18+,2017-07-25
"July 25, 2017",Virginia,Richmond,218 E Main St,male,Adult 18+,2017-07-25
"July 25, 2017",Virginia,Richmond,218 E Main St,male,Adult 18+,2017-07-25
"July 24, 2017",Virginia,Danville,100 block of Lawson St,male,Adult 18+,2017-07-24
"July 23, 2017",Virginia,Dinwiddie,10000 block of Scotts Rd,female,Adult 18+,2017-07-23
"July 17, 2017",Virginia,Boston,Griffinsburg Rd and Sperryville Pk,male,Unknown,2017-07-17
"July 17, 2017",Virginia,Culpeper,Route 522 and Griffensburg Rd,male,Adult 18+,2017-07-17
"July 17, 2017",Virginia,Norfolk,Admiral Tausing Blvd and Hampton Blvd,female,Adult 18+,2017-07-17
"July 17, 2017",Virginia,Norfolk,Admiral Tausing Blvd and Hampton Blvd,male,Adult 18+,2017-07-17
"July 15, 2017",Virginia,Wise,7000 block of Indian Creek Rd,male,Adult 18+,2017-07-15
"July 12, 2017",Virginia,Alexandria,King St and Saint Asaph St,male,Adult 18+,2017-07-12
"July 11, 2017",Virginia,Richmond,4845 S Laburnum Ave,male,Adult 18+,2017-07-11
"July 5, 2017",Virginia,Waynesboro,1200 block of S Jackson Ave,male,Adult 18+,2017-07-05
"July 2, 2017",Virginia,Norfolk,9600 block of 14th Bay St,male,Adult 18+,2017-07-02
"July 2, 2017",Virginia,Norfolk,9600 block of 14th Bay St,male,Adult 18+,2017-07-02
"June 14, 2017",Virginia,Alexandria,420 E Monroe Ave,male,Adult 18+,2017-06-14
"June 14, 2017",Virginia,Alexandria,420 E Monroe Ave,male,Adult 18+,2017-06-14
"June 14, 2017",Virginia,Alexandria,420 E Monroe Ave,male,Adult 18+,2017-06-14
"June 14, 2017",Virginia,Alexandria,420 E Monroe Ave,female,Adult 18+,2017-06-14
"June 14, 2017",Virginia,Alexandria,420 E Monroe Ave,male,Adult 18+,2017-06-14
"June 14, 2017",Virginia,Alexandria,420 E Monroe Ave,male,Adult 18+,2017-06-14
"June 13, 2017",Virginia,Virginia Beach,1600 block of Ohio Ave,male,Adult 18+,2017-06-13
"June 13, 2017",Virginia,Virginia Beach,1600 block of Ohio Ave,male,Adult 18+,2017-06-13
"June 12, 2017",Virginia,Hampton,1 Town Center Way,male,Adult 18+,2017-06-12
"June 12, 2017",Virginia,Hampton,1 Town Center Way,male,Adult 18+,2017-06-12
"June 12, 2017",Virginia,Hampton,1 Town Center Way,male,Adult 18+,2017-06-12
"June 12, 2017",Virginia,Hampton,1 Town Center Way,male,Adult 18+,2017-06-12
"June 2, 2017",Virginia,Dinwiddie,26000 block of Perkins Rd,female,Adult 18+,2017-06-02
"June 2, 2017",Virginia,Chesterfield,15500 block of Silvertree Ln,male,Adult 18+,2017-06-02
"June 2, 2017",Virginia,Chesterfield,15500 block of Silvertree Ln,female,Adult 18+,2017-06-02
"June 2, 2017",Virginia,Chesterfield,15500 block of Silvertree Ln,male,Adult 18+,2017-06-02
"May 26, 2017",Virginia,Richmond,1900 block of Redd St,male,Adult 18+,2017-05-26
"May 26, 2017",Virginia,Richmond,1900 block of Redd St,male,Adult 18+,2017-05-26
"May 25, 2017",Virginia,Christiansburg,Providence Blvd,male,Adult 18+,2017-05-25
"May 19, 2017",Virginia,Manassas,14420 Bristow Rd,male,Adult 18+,2017-05-19
"May 17, 2017",Virginia,Arlington,Glebe Road and I-395,male,Adult 18+,2017-05-17
"May 15, 2017",Virginia,Richmond,3800 block of Lynhaven Ave,male,Adult 18+,2017-05-15
"May 15, 2017",Virginia,Norfolk,3100 block of Jersey Ave,male,Adult 18+,2017-05-15
"May 14, 2017",Virginia,Pulaski,100 block of 4th St,male,Adult 18+,2017-05-14
"May 11, 2017",Virginia,Hillsville,Lost Rd,male,Adult 18+,2017-05-11
"May 8, 2017",Virginia,Bumpass,1700 block of Fredericks Hall Rd,female,Adult 18+,2017-05-08
"April 29, 2017",Virginia,Newport News,5832 Jefferson Ave,male,Adult 18+,2017-04-29
"April 29, 2017",Virginia,Newport News,5832 Jefferson Ave,male,Unknown,2017-04-29
"April 29, 2017",Virginia,Scottsville,Hardware Hills Cir,female,Adult 18+,2017-04-29
"April 29, 2017",Virginia,Scottsville,Hardware Hills Cir,male,Adult 18+,2017-04-29
"April 23, 2017",Virginia,Richmond,6540 Greenbank Rd,male,Adult 18+,2017-04-23
"April 16, 2017",Virginia,Portsmouth,1200 block of Frederick Blvd,male,Adult 18+,2017-04-16
"April 11, 2017",Virginia,Christiansburg,10 Montague St,male,Adult 18+,2017-04-11
"April 8, 2017",Virginia,Newport News,Lucas Creek Rd,male,Adult 18+,2017-04-08
"April 4, 2017",Virginia,Shipman,500 block of Pines Ln,male,Adult 18+,2017-04-04
"April 1, 2017",Virginia,Roanoke (Cave Spring),VA 419 and Stoneybrook Dr,male,Adult 18+,2017-04-01
"March 30, 2017",Virginia,Greene (county),N/A,male,Adult 18+,2017-03-30
"March 26, 2017",Virginia,Roanoke,1700 block of Empress Dr NW,male,Adult 18+,2017-03-26
"March 10, 2017",Virginia,Petersburg,3140 South Crater Road,male,Adult 18+,2017-03-10
"March 10, 2017",Virginia,Richmond,3100 block of Collins Rd,female,Adult 18+,2017-03-10
"March 10, 2017",Virginia,Richmond,3100 block of Collins Rd,male,Adult 18+,2017-03-10
"March 7, 2017",Virginia,Roanoke,100 block of Avendale Avenue NE,female,Adult 18+,2017-03-07
"March 7, 2017",Virginia,Richmond,300 block of Grey Birch Dr,male,Adult 18+,2017-03-07
"February 27, 2017",Virginia,Harrisonburg,300 block of Summit St,N/A,Unknown,2017-02-27
"February 24, 2017",Virginia,Virginia Beach,Hornet Dr,male,Adult 18+,2017-02-24
"February 12, 2017",Virginia,Emporia,200 block of Crescent Rd,male,Adult 18+,2017-02-12
"February 12, 2017",Virginia,Emporia,200 block of Crescent Rd,male,Adult 18+,2017-02-12
"February 11, 2017",Virginia,Williamsburg,Francis Street,male,Adult 18+,2017-02-11
"February 5, 2017",Virginia,Mount Sidney,I-81,male,Adult 18+,2017-02-05
"January 31, 2017",Virginia,Madison Heights,100 block of Old Wright Shop Road,male,Adult 18+,2017-01-31
"January 30, 2017",Virginia,Arlington,Terminal B/C,N/A,Adult 18+,2017-01-30
"January 26, 2017",Virginia,Isle Of Wight,N/A,male,Unknown,2017-01-26
"January 26, 2017",Virginia,Richmond,Milton Street,male,Adult 18+,2017-01-26
"January 22, 2017",Virginia,Great Falls,Georgetown Pike and Walker Rd,male,Adult 18+,2017-01-22
"January 19, 2017",Virginia,Woodford,13000 block of Long Branch Road,male,Adult 18+,2017-01-19
"January 17, 2017",Virginia,Radford,3rd Ave,male,Unknown,2017-01-17
"January 16, 2017",Virginia,Herndon,13300 block of Covered Wagon Lane,male,Adult 18+,2017-01-16
"January 16, 2017",Virginia,Herndon,13300 block of Covered Wagon Lane,male,Adult 18+,2017-01-16
"January 16, 2017",Virginia,Herndon,13300 block of Covered Wagon Lane,male,Adult 18+,2017-01-16
"January 13, 2017",Virginia,Bristol,Island Road and 11W,male,Adult 18+,2017-01-13
"January 13, 2017",Virginia,Dinwiddie,N/A,male,Adult 18+,2017-01-13
"January 12, 2017",Virginia,Pearisburg,2200 block of Guinea Mountain Road,male,Adult 18+,2017-01-12
"January 12, 2017",Virginia,Norfolk,7969 Shore Drive,male,Adult 18+,2017-01-12
"January 12, 2017",Virginia,Giles (county),N/A,male,Adult 18+,2017-01-12
"January 9, 2017",Virginia,Hopewell,3300 block of Virginia Street,male,Adult 18+,2017-01-09
"January 9, 2017",Virginia,Abingdon,20000 block of Alvarado Rd,male,Adult 18+,2017-01-09
"January 4, 2017",Virginia,Verona,37 Theresa Cir,male,Adult 18+,2017-01-04
"January 4, 2017",Virginia,Verona,37 Theresa Cir,male,Adult 18+,2017-01-04
"January 4, 2017",Virginia,Verona,37 Theresa Cir,male,Adult 18+,2017-01-04
"December 26, 2016",Virginia,Louisa,9000 block of Louisa Rd,male,Adult 18+,2016-12-26
"December 23, 2016",Virginia,Bristol,Lee Highway,male,Adult 18+,2016-12-23
"December 17, 2016",Virginia,Dahlgren,N/A,male,Adult 18+,2016-12-17
"December 17, 2016",Virginia,Staunton,3300 block of Morris Mill Rd,male,Adult 18+,2016-12-17
"December 17, 2016",Virginia,Staunton,3300 block of Morris Mill Rd,male,Adult 18+,2016-12-17
"November 28, 2016",Virginia,Martinsville,Woodhaven Road,male,Adult 18+,2016-11-28
"November 24, 2016",Virginia,Chester,4300 block of Old Lane,male,Adult 18+,2016-11-24
"November 19, 2016",Virginia,Norfolk,8600 block of Glen Myrtle Avenue,male,Adult 18+,2016-11-19
"November 15, 2016",Virginia,Harrisonburg,1100 block of Devon Lane,male,Adult 18+,2016-11-15
"November 13, 2016",Virginia,Charlottesville,500 block of 11th St NW,male,Adult 18+,2016-11-13
"November 12, 2016",Virginia,Damascus,33231 Whispering Pine Lane,male,Adult 18+,2016-11-12
"November 9, 2016",Virginia,Newport News,Hanover Way,male,Adult 18+,2016-11-09
"November 9, 2016",Virginia,Newport News,Hanover Way,male,Adult 18+,2016-11-09
"November 4, 2016",Virginia,Raphine,3400 block of Walkers Creek Rd,male,Adult 18+,2016-11-04
"October 31, 2016",Virginia,Chesapeake,Gum Road,male,Adult 18+,2016-10-31
"October 15, 2016",Virginia,Mineral,I-64,male,Adult 18+,2016-10-15
"October 6, 2016",Virginia,Ferrum,700 block of Skillet Road,male,Adult 18+,2016-10-06
"October 2, 2016",Virginia,Richmond,1600 block of Glenfield Ave,male,Adult 18+,2016-10-02
"October 2, 2016",Virginia,Richmond,1600 block of Glenfield Ave,male,Adult 18+,2016-10-02
"September 26, 2016",Virginia,Bloxom,Bethel Church Rd,male,Adult 18+,2016-09-26
"September 26, 2016",Virginia,Bloxom,Bethel Church Rd,male,Adult 18+,2016-09-26
"September 26, 2016",Virginia,Bloxom,Bethel Church Rd,male,Adult 18+,2016-09-26
"September 24, 2016",Virginia,Reva,2500 block of Ridgeview Rd,male,Adult 18+,2016-09-24
"September 24, 2016",Virginia,Reva,2500 block of Ridgeview Rd,male,Adult 18+,2016-09-24
"September 21, 2016",Virginia,Woodbridge,13515 Minnieville Rd,female,Adult 18+,2016-09-21
"September 21, 2016",Virginia,Woodlawn,Photo Lane,male,Unknown,2016-09-21
"September 15, 2016",Virginia,Danville,100 block of Marshall Terrace,male,Adult 18+,2016-09-15
"September 10, 2016",Virginia,Rocky Mount,970 Tanyard Road,female,Adult 18+,2016-09-10
"September 10, 2016",Virginia,Rocky Mount,970 Tanyard Road,male,Adult 18+,2016-09-10
"September 9, 2016",Virginia,Richmond,6540 Greenbank Rd,N/A,Unknown,2016-09-09
"September 3, 2016",Virginia,Madison Heights,Dogwood Drive,male,Adult 18+,2016-09-03
"August 29, 2016",Virginia,Portsmouth,3601 Victory Blvd,male,Adult 18+,2016-08-29
"August 28, 2016",Virginia,Waynesboro,59 Sandy Ridge Rd,male,Adult 18+,2016-08-28
"August 28, 2016",Virginia,Hot Springs,Coles Mountain Rd,male,Adult 18+,2016-08-28
"August 17, 2016",Virginia,Danville,Church and Keen Street,male,Adult 18+,2016-08-17
"August 15, 2016",Virginia,Falls Church,3300 Gallows Road,male,Adult 18+,2016-08-15
"August 7, 2016",Virginia,Portsmouth,200 block of Derby Rd,male,Adult 18+,2016-08-07
"August 5, 2016",Virginia,Aldie,41400 block of Carriage Horse Drive,male,Adult 18+,2016-08-05
"August 4, 2016",Virginia,Gate City,Upper Possum Creek Rd,male,Adult 18+,2016-08-04
"August 1, 2016",Virginia,Stafford,Cool Springs Road and North Kings Highway,male,Adult 18+,2016-08-01
"July 31, 2016",Virginia,Norfolk,900 block of Merrimac Avenue,male,Adult 18+,2016-07-31
"July 25, 2016",Virginia,Norfolk,1514 Melrose Parkway,male,Adult 18+,2016-07-25
"July 24, 2016",Virginia,Staunton,700 block of Chestnut Ridge Rd,male,Adult 18+,2016-07-24
"July 22, 2016",Virginia,Richmond,Staples Mill Rd and Bethlehem Rd,male,Adult 18+,2016-07-22
"July 20, 2016",Virginia,Norfolk,2300 block of Maltby Avenue,male,Teen 12-17,2016-07-20
"July 19, 2016",Virginia,Norfolk,300 block of W 29th Street,male,Adult 18+,2016-07-19
"July 14, 2016",Virginia,Fredericksburg,Maple Grove Dr and Taskforce Dr,male,Adult 18+,2016-07-14
"July 14, 2016",Virginia,Norfolk,811 E City Hall Ave,male,Adult 18+,2016-07-14
"July 12, 2016",Virginia,Clintwood,294 Robbins Ln,male,Adult 18+,2016-07-12
"July 12, 2016",Virginia,Clintwood,294 Robbins Ln,female,Adult 18+,2016-07-12
"July 12, 2016",Virginia,Clintwood,294 Robbins Ln,male,Adult 18+,2016-07-12
"July 12, 2016",Virginia,Clintwood,294 Robbins Ln,female,Adult 18+,2016-07-12
"June 22, 2016",Virginia,Arlington,Washington Boulevard and Second Street,N/A,Unknown,2016-06-22
"June 20, 2016",Virginia,Dublin,6000 block of Old Route 11,male,Adult 18+,2016-06-20
"June 20, 2016",Virginia,Dublin,6000 block of Old Route 11,male,Adult 18+,2016-06-20
"June 7, 2016",Virginia,Culpeper,13000 block of Gray Street,male,Adult 18+,2016-06-07
"June 7, 2016",Virginia,Culpeper,13000 block of Gray Street,male,Adult 18+,2016-06-07
"June 7, 2016",Virginia,Fredericksburg,Windsor Ridge Ct,male,Adult 18+,2016-06-07
"June 7, 2016",Virginia,Fredericksburg,Windsor Ridge Ct,male,Adult 18+,2016-06-07
"June 6, 2016",Virginia,Vinton,150 Vinyard Park Dr,male,Adult 18+,2016-06-06
"June 3, 2016",Virginia,Newport News,1100 block of 32nd Street,male,Adult 18+,2016-06-03
"June 3, 2016",Virginia,Newport News,1100 block of 32nd Street,female,Adult 18+,2016-06-03
"June 2, 2016",Virginia,Norfolk,400 block of Chapel St,male,Adult 18+,2016-06-02
"May 21, 2016",Virginia,Springfield,7012 Brookfield Plaza,male,Adult 18+,2016-05-21
"May 21, 2016",Virginia,Springfield,7012 Brookfield Plaza,male,Adult 18+,2016-05-21
"May 21, 2016",Virginia,Springfield,7012 Brookfield Plaza,N/A,Adult 18+,2016-05-21
"May 16, 2016",Virginia,Richmond,Columbia Street and Harwood Street,male,Adult 18+,2016-05-16
"May 16, 2016",Virginia,Hampton,4900 block of West Mercury Boulevard,male,Adult 18+,2016-05-16
"May 16, 2016",Virginia,Hampton,4900 block of West Mercury Boulevard,male,Adult 18+,2016-05-16
"May 16, 2016",Virginia,Hampton,4900 block of West Mercury Boulevard,male,Adult 18+,2016-05-16
"May 14, 2016",Virginia,Hampton,Briarfield Road and Glenrock Drive,male,Adult 18+,2016-05-14
"May 12, 2016",Virginia,Newport News,1100 block of 21st St.,male,Adult 18+,2016-05-12
"May 11, 2016",Virginia,Wytheville,555 West Main Street,male,Adult 18+,2016-05-11
"May 8, 2016",Virginia,Midlothian,10800 block of W Huguenot Rd,male,Adult 18+,2016-05-08
"May 2, 2016",Virginia,Roanoke (Cave Spring),4353 Garst Mill Rd,male,Adult 18+,2016-05-02
"April 26, 2016",Virginia,Chesapeake,1300 block of Hawthorne Drive,female,Adult 18+,2016-04-26
"April 26, 2016",Virginia,Chesapeake,1300 block of Hawthorne Drive,male,Adult 18+,2016-04-26
"April 26, 2016",Virginia,Keeling,129 Blair Ln,male,Adult 18+,2016-04-26
"April 26, 2016",Virginia,Keeling,129 Blair Ln,male,Adult 18+,2016-04-26
"April 24, 2016",Virginia,Halifax,1055 L P Bailey Memorial Hwy,N/A,Adult 18+,2016-04-24
"April 24, 2016",Virginia,Halifax,1055 L P Bailey Memorial Hwy,male,Adult 18+,2016-04-24
"April 24, 2016",Virginia,Halifax,1055 L P Bailey Memorial Hwy,N/A,Adult 18+,2016-04-24
"April 24, 2016",Virginia,Halifax,1055 L P Bailey Memorial Hwy,N/A,Adult 18+,2016-04-24
"April 24, 2016",Virginia,Halifax,1055 L P Bailey Memorial Hwy,N/A,Adult 18+,2016-04-24
"April 22, 2016",Virginia,Norfolk,Freemont Street and OKeefe Street,male,Adult 18+,2016-04-22
"April 22, 2016",Virginia,Norfolk,Freemont Street and OKeefe Street,male,Adult 18+,2016-04-22
"April 22, 2016",Virginia,Norfolk,Freemont Street and OKeefe Street,N/A,Adult 18+,2016-04-22
"April 22, 2016",Virginia,Norfolk,1321 Church Street,male,Adult 18+,2016-04-22
"April 13, 2016",Virginia,Roanoke,3400 block of Shenandoah Avenue Northwest,N/A,Teen 12-17,2016-04-13
"April 3, 2016",Virginia,Meadowview,N/A,male,Adult 18+,2016-04-03
"March 31, 2016",Virginia,Vinton,1200 block of Ruddell Road,male,Adult 18+,2016-03-31
"March 31, 2016",Virginia,Richmond,2910 N Blvd,male,Adult 18+,2016-03-31
"March 31, 2016",Virginia,Richmond,2910 N Blvd,female,Adult 18+,2016-03-31
"March 31, 2016",Virginia,Richmond,2910 N Blvd,female,Adult 18+,2016-03-31
"March 31, 2016",Virginia,Richmond,2910 N Blvd,male,Adult 18+,2016-03-31
"March 30, 2016",Virginia,Newport News,300 block of St. Thomas Drive,male,Adult 18+,2016-03-30
"March 26, 2016",Virginia,Grundy,1600 block of State Rte 659,male,Adult 18+,2016-03-26
"March 22, 2016",Virginia,Fredericksburg,Lafayette Boulevard and Braehead Drive,male,Adult 18+,2016-03-22
"March 20, 2016",Virginia,Hopewell,600 block of Winston Churchill Drive,male,Adult 18+,2016-03-20
"March 19, 2016",Virginia,Norfolk,9500 block of Shore Dr,female,Adult 18+,2016-03-19
"March 11, 2016",Virginia,Norfolk,Chesapeake Boulevard and Fishermans Road,male,Adult 18+,2016-03-11
"March 2, 2016",Virginia,Alexandria (Franconia),6200 block of Larkspur Drive,male,Adult 18+,2016-03-02
"February 28, 2016",Virginia,Winchester,2200 block of Roosevelt Blvd,male,Adult 18+,2016-02-28
"February 27, 2016",Virginia,Woodbridge (Lake Ridge),13051 Lashmere Ct,male,Adult 18+,2016-02-27
"February 27, 2016",Virginia,Woodbridge (Lake Ridge),13051 Lashmere Ct,male,Adult 18+,2016-02-27
"February 27, 2016",Virginia,Woodbridge (Lake Ridge),13051 Lashmere Ct,female,Adult 18+,2016-02-27
"February 27, 2016",Virginia,Woodbridge (Lake Ridge),13051 Lashmere Ct,male,Adult 18+,2016-02-27
"February 27, 2016",Virginia,Woodbridge (Lake Ridge),13051 Lashmere Ct,female,Adult 18+,2016-02-27
"February 26, 2016",Virginia,Roanoke,4049 Brambleton Ave.,male,Adult 18+,2016-02-26
"February 13, 2016",Virginia,Arvonia,800 block of Penlan Road,male,Adult 18+,2016-02-13
"February 7, 2016",Virginia,Clear Brook,300 block of Browns Lane,male,Adult 18+,2016-02-07
"January 31, 2016",Virginia,Richmond,2700 block of Hanes Ave,male,Adult 18+,2016-01-31
"January 31, 2016",Virginia,Richmond,2700 block of Hanes Ave,male,Adult 18+,2016-01-31
"January 30, 2016",Virginia,Hampton,2900 block of Leta Court,male,Adult 18+,2016-01-30
"January 19, 2016",Virginia,Moneta,1100 block of Mead Valley Rd,male,Adult 18+,2016-01-19
"January 14, 2016",Virginia,Newport News,14th Street and Wickham Avenue,male,Adult 18+,2016-01-14
"January 14, 2016",Virginia,Newport News,14th Street and Wickham Avenue,male,Adult 18+,2016-01-14
"January 14, 2016",Virginia,Newport News,14th Street and Wickham Avenue,male,Adult 18+,2016-01-14
"January 14, 2016",Virginia,Newport News,14th Street and Wickham Avenue,male,Adult 18+,2016-01-14
"January 12, 2016",Virginia,Suffolk,600 block of North Main Street,male,Adult 18+,2016-01-12
"January 11, 2016",Virginia,Lynchburg,1901 Tates Springs Road,male,Adult 18+,2016-01-11
"January 10, 2016",Virginia,Norfolk,1100 block of Land St,male,Adult 18+,2016-01-10
"January 8, 2016",Virginia,Onancock,Pine Street,male,Adult 18+,2016-01-08
"January 8, 2016",Virginia,Onancock,Pine Street,male,Adult 18+,2016-01-08
"January 8, 2016",Virginia,Onancock,Pine Street,male,Adult 18+,2016-01-08
"January 6, 2016",Virginia,Petersburg,20200 block of Gandy Ave,male,Adult 18+,2016-01-06
"January 3, 2016",Virginia,Charlottesville,2500 block of Jefferson Park Avenue,male,Adult 18+,2016-01-03
"January 3, 2016",Virginia,Richmond (North Chesterfield),3022 Rycliff Ave,male,Adult 18+,2016-01-03
"January 3, 2016",Virginia,Richmond (North Chesterfield),3022 Rycliff Ave,N/A,Unknown,2016-01-03
"January 3, 2016",Virginia,Richmond (North Chesterfield),3022 Rycliff Ave,female,Adult 18+,2016-01-03
"December 28, 2015",Virginia,Suffolk,300 block of Causey Avenue,male,Adult 18+,2015-12-28
"December 20, 2015",Virginia,Richmond,1701 Fairfield Way,male,Adult 18+,2015-12-20
"December 20, 2015",Virginia,Richmond,1701 Fairfield Way,male,Adult 18+,2015-12-20
"December 18, 2015",Virginia,Concord,Quarry Lane,male,Unknown,2015-12-18
"December 15, 2015",Virginia,Richmond,3606 Nine Mile Rd,female,Adult 18+,2015-12-15
"December 15, 2015",Virginia,Richmond,3606 Nine Mile Rd,male,Adult 18+,2015-12-15
"December 9, 2015",Virginia,Roanoke,1800 block of Angus Road,male,Adult 18+,2015-12-09
"December 6, 2015",Virginia,Emporia,700 block of North Main Street,male,Adult 18+,2015-12-06
"December 6, 2015",Virginia,Emporia,700 block of North Main Street,male,Adult 18+,2015-12-06
"December 6, 2015",Virginia,Emporia,700 block of North Main Street,male,Adult 18+,2015-12-06
"December 6, 2015",Virginia,Emporia,700 block of North Main Street,male,Adult 18+,2015-12-06
"December 6, 2015",Virginia,Emporia,700 block of North Main Street,male,Adult 18+,2015-12-06
"December 5, 2015",Virginia,Buena Vista,2150 E Midland Trail,male,Adult 18+,2015-12-05
"November 16, 2015",Virginia,Richmond,26th Street and Main Street,male,Adult 18+,2015-11-16
"November 16, 2015",Virginia,Richmond,26th Street and Main Street,male,Adult 18+,2015-11-16
"October 30, 2015",Virginia,Axton,Whispering Pines Road and Martin Drive,male,Adult 18+,2015-10-30
"October 24, 2015",Virginia,Dungannon,300 block of 4th Ave,male,Adult 18+,2015-10-24
"October 20, 2015",Virginia,Axton,200 block of Mitchell Road,male,Adult 18+,2015-10-20
"October 17, 2015",Virginia,Ashland,10150 Lakeridge Pkwy,male,Adult 18+,2015-10-17
"October 17, 2015",Virginia,Richmond,7500 block of Midlothian Turnpike,male,Adult 18+,2015-10-17
"October 17, 2015",Virginia,Richmond,7500 block of Midlothian Turnpike,male,Adult 18+,2015-10-17
"October 14, 2015",Virginia,Lynchburg,200 block of Walnut Ln,male,Adult 18+,2015-10-14
"September 25, 2015",Virginia,Ringgold,2000 block of Rocksprings Rd,male,Adult 18+,2015-09-25
"September 23, 2015",Virginia,Manassas,7400 block of Lake Dr.,male,Adult 18+,2015-09-23
"September 23, 2015",Virginia,Richmond,Dale Ave,male,Unknown,2015-09-23
"September 23, 2015",Virginia,Richmond,Dale Ave,male,Unknown,2015-09-23
"September 23, 2015",Virginia,Elk Creek,12000 block of Comers Rock Rd,male,Adult 18+,2015-09-23
"September 22, 2015",Virginia,Bowling Green,18080 A P Hill Blvd,male,Adult 18+,2015-09-22
"September 22, 2015",Virginia,Bowling Green,18080 A P Hill Blvd,male,Adult 18+,2015-09-22
"September 20, 2015",Virginia,Harrisonburg,1700 block of Park Road,male,Adult 18+,2015-09-20
"September 16, 2015",Virginia,Alexandria,4400 Lee Street,male,Adult 18+,2015-09-16
"September 5, 2015",Virginia,Virginia Beach,2093 Lynnhaven Parkway,male,Adult 18+,2015-09-05
"September 5, 2015",Virginia,Virginia Beach,2093 Lynnhaven Parkway,female,Adult 18+,2015-09-05
"August 24, 2015",Virginia,Richmond,5110 Williamsburg Rd,male,Adult 18+,2015-08-24
"August 22, 2015",Virginia,King George,10000 block of Tinsbloom Mill Ln,male,Adult 18+,2015-08-22
"August 17, 2015",Virginia,Woodbridge,13100 block of Tory Loop,male,Adult 18+,2015-08-17
"August 16, 2015",Virginia,Roanoke,Dunbar Street NW near Whitten Avenue NW,male,Adult 18+,2015-08-16
"August 13, 2015",Virginia,Chesterfield,4700 block of Sherman Road,N/A,Unknown,2015-08-13
"August 13, 2015",Virginia,Chesterfield,4700 block of Sherman Road,male,Adult 18+,2015-08-13
"August 12, 2015",Virginia,Amelia Court House,10000 block of Mattoax Ln,male,Adult 18+,2015-08-12
"August 11, 2015",Virginia,Richmond,1800 block of Fernbrook Drive,male,Adult 18+,2015-08-11
"August 8, 2015",Virginia,Blackstone,North High Street,N/A,Unknown,2015-08-08
"August 5, 2015",Virginia,Richmond,2200 block of West Cary,male,Adult 18+,2015-08-05
"August 5, 2015",Virginia,Richmond,2200 block of West Cary,male,Adult 18+,2015-08-05
"August 3, 2015",Virginia,Powhatan,2100 block of Urbine Rd,male,Adult 18+,2015-08-03
"July 22, 2015",Virginia,Portsmouth,Columbia and Crawford,female,Adult 18+,2015-07-22
"July 19, 2015",Virginia,Roanoke,2300 block of Melrose Avenue Northwest,male,Adult 18+,2015-07-19
"July 15, 2015",Virginia,King George,Eisenhower Dr,male,Adult 18+,2015-07-15
"July 15, 2015",Virginia,King George,Eisenhower Dr,male,Adult 18+,2015-07-15
"July 4, 2015",Virginia,Newport News,18th Street and Peterson Place,male,Adult 18+,2015-07-04
"June 26, 2015",Virginia,Alexandria,4200 block of Duke St,female,Adult 18+,2015-06-26
"June 26, 2015",Virginia,Alexandria,4200 block of Duke St,male,Adult 18+,2015-06-26
"June 24, 2015",Virginia,Yorktown,Fort Eustis Blvd and Richneck Rd,male,Adult 18+,2015-06-24
"June 19, 2015",Virginia,Woodbridge,951 Annapolis Way,female,Adult 18+,2015-06-19
"June 13, 2015",Virginia,Glen Allen,9300 Brook Rd,male,Adult 18+,2015-06-13
"June 2, 2015",Virginia,Emporia,200 Elm Rd,male,Adult 18+,2015-06-02
"June 1, 2015",Virginia,Waynesboro,1600 block of New Hope Road,male,Adult 18+,2015-06-01
"May 26, 2015",Virginia,Prince George,4200 Anne Terrace,male,Adult 18+,2015-05-26
"May 25, 2015",Virginia,Henrico,6300 block of Millhiser Avenue,male,Adult 18+,2015-05-25
"May 25, 2015",Virginia,Roanoke (Hollins),I-81,male,Adult 18+,2015-05-25
"May 20, 2015",Virginia,Newport News,700 block of Adams Drive,male,Adult 18+,2015-05-20
"May 19, 2015",Virginia,Arlington,4200 block of 2nd Street N.,male,Adult 18+,2015-05-19
"May 19, 2015",Virginia,Arlington,4200 block of 2nd Street N.,female,Adult 18+,2015-05-19
"May 15, 2015",Virginia,Virginia Beach,649 Newtown Road,male,Adult 18+,2015-05-15
"May 15, 2015",Virginia,Virginia Beach,649 Newtown Road,male,Unknown,2015-05-15
"May 8, 2015",Virginia,Virginia Beach,5500 block of Baccalaureate Drive,male,Unknown,2015-05-08
"May 8, 2015",Virginia,Virginia Beach,5500 block of Baccalaureate Drive,female,Adult 18+,2015-05-08
"May 8, 2015",Virginia,Virginia Beach,5500 block of Baccalaureate Drive,male,Adult 18+,2015-05-08
"May 5, 2015",Virginia,Pulaski,Bob White Boulevard,male,Adult 18+,2015-05-05
"May 5, 2015",Virginia,Staunton,200 block of Stonewall Jackson Boulevard,female,Adult 18+,2015-05-05
"May 5, 2015",Virginia,Staunton,200 block of Stonewall Jackson Boulevard,male,Adult 18+,2015-05-05
"May 1, 2015",Virginia,Virginia Beach,1900 block of King Henry Court,male,Adult 18+,2015-05-01
"May 1, 2015",Virginia,Virginia Beach,1900 block of King Henry Court,male,Adult 18+,2015-05-01
"April 29, 2015",Virginia,Waynesboro,North Bayard Avenue and Fourth Street,male,Teen 12-17,2015-04-29
"April 29, 2015",Virginia,Emporia,219 Elm Rd,male,Adult 18+,2015-04-29
"April 25, 2015",Virginia,Roanoke,100 block of Campbell Avenue SE,male,Adult 18+,2015-04-25
"April 22, 2015",Virginia,Portsmouth,1098 Frederick Blvd.,male,Adult 18+,2015-04-22
"April 22, 2015",Virginia,Hampton,2700 block of Kecoughtan Road,male,Adult 18+,2015-04-22
"April 8, 2015",Virginia,Cana,1200 block of Brushy Fork Rd,male,Adult 18+,2015-04-08
"April 7, 2015",Virginia,Haysi,800 block of Doe Branch,male,Adult 18+,2015-04-07
"April 3, 2015",Virginia,Winchester,100 block of Gregory Pl,male,Adult 18+,2015-04-03
"April 3, 2015",Virginia,Winchester,100 Gregory Pl,male,Adult 18+,2015-04-03
"March 31, 2015",Virginia,Falls Church,3300 Gallows Road,male,Adult 18+,2015-03-31
"March 31, 2015",Virginia,Falls Church,3300 Gallows Road,female,Adult 18+,2015-03-31
"March 31, 2015",Virginia,Falls Church,3300 Gallows Road,female,Adult 18+,2015-03-31
"March 31, 2015",Virginia,Falls Church,3300 Gallows Road,female,Adult 18+,2015-03-31
"March 31, 2015",Virginia,Falls Church,3300 Gallows Road,female,Adult 18+,2015-03-31
"March 27, 2015",Virginia,Richmond,4200 block of Stockton Street,female,Adult 18+,2015-03-27
"March 27, 2015",Virginia,Richmond,4200 block of Stockton Street,male,Adult 18+,2015-03-27
"March 25, 2015",Virginia,Richmond,Midlothian Turnpike,male,Adult 18+,2015-03-25
"March 24, 2015",Virginia,Portsmouth,19 Colin Dr,male,Adult 18+,2015-03-24
"March 20, 2015",Virginia,Hopewell,S. 12th Ave. and Atlantic St.,male,Adult 18+,2015-03-20
"March 20, 2015",Virginia,Hopewell,S. 12th Ave. and Atlantic St.,male,Adult 18+,2015-03-20
"March 16, 2015",Virginia,Norfolk,26th Street and Leo Street,male,Adult 18+,2015-03-16
"March 6, 2015",Virginia,Warrenton,6400 block of Appomattox Drive,male,Adult 18+,2015-03-06
"March 5, 2015",Virginia,Shenandoah,127 N West Turn Rd.,male,Adult 18+,2015-03-05
"March 5, 2015",Virginia,Shenandoah,127 N West Turn Rd.,male,Adult 18+,2015-03-05
"February 24, 2015",Virginia,Blacksburg,500 block of Quez Dr,male,Adult 18+,2015-02-24
"February 18, 2015",Virginia,Hampton,800 block of Lasalle Avenue,male,Adult 18+,2015-02-18
"February 12, 2015",Virginia,Smithfield,8700 block of Smithfield Apartments Ln,male,Adult 18+,2015-02-12
"February 12, 2015",Virginia,Martinsville,16990 US-58,male,Adult 18+,2015-02-12
"February 6, 2015",Virginia,Chesterfield,6100 block of Strathmore Road,male,Adult 18+,2015-02-06
"January 15, 2015",Virginia,Ashburn,44200 block of Sonora Lane,male,Adult 18+,2015-01-15
"January 15, 2015",Virginia,Ashburn,44200 block of Sonora Lane,male,Adult 18+,2015-01-15
"January 14, 2015",Virginia,Chesapeake,1100 block of Sir Gawaine Dr,male,Adult 18+,2015-01-14
"January 2, 2015",Virginia,Richmond,4400 block of Fulton Street,male,Adult 18+,2015-01-02
"January 2, 2015",Virginia,Richmond,4400 block of Fulton Street,male,Adult 18+,2015-01-02
"December 18, 2014",Virginia,Chesterfield,2100 block of Rose Family Drive,male,Adult 18+,2014-12-18
"December 17, 2014",Virginia,Lexington,Pine Forest Rd,male,Adult 18+,2014-12-17
"December 5, 2014",Virginia,Virginia Beach,2125 General Booth Blvd,male,Adult 18+,2014-12-05
"December 5, 2014",Virginia,Virginia Beach,2125 General Booth Blvd,male,Adult 18+,2014-12-05
"December 5, 2014",Virginia,Virginia Beach,2125 General Booth Blvd,male,Adult 18+,2014-12-05
"November 8, 2014",Virginia,Roanoke,Eastern Avenue,male,Adult 18+,2014-11-08
"November 6, 2014",Virginia,Woodbridge,Worth Avenue,male,Adult 18+,2014-11-06
"November 6, 2014",Virginia,Woodbridge,Worth Avenue,N/A,Unknown,2014-11-06
"October 28, 2014",Virginia,Bedford,1625 Teass Ter,male,Adult 18+,2014-10-28
"October 20, 2014",Virginia,Hopewell,4700 block of Western Street,male,Adult 18+,2014-10-20
"October 19, 2014",Virginia,Richmond,5456 Midlothian Tpke,male,Adult 18+,2014-10-19
"October 19, 2014",Virginia,Richmond,5456 Midlothian Tpke,female,Adult 18+,2014-10-19
"October 16, 2014",Virginia,Fishersville,I-64,male,Adult 18+,2014-10-16
"October 6, 2014",Virginia,Warrenton,Alexandria Pike,male,Adult 18+,2014-10-06
"October 2, 2014",Virginia,Christiansburg,Heather Drive,male,Adult 18+,2014-10-02
"September 21, 2014",Virginia,Henrico (Highland Springs),W Washington St and N Elm Ave,male,Adult 18+,2014-09-21
"September 8, 2014",Virginia,Springfield,7000 block of Old Keene Mill Road,male,Adult 18+,2014-09-08
"September 2, 2014",Virginia,Richmond,1800 block of N 22nd St,male,Adult 18+,2014-09-02
"August 24, 2014",Virginia,Colonial Heights,Yacht Basin Dr. and Wildwood Ave,female,Adult 18+,2014-08-24
"August 3, 2014",Virginia,Norfolk,8600 block of Glen Myrtle Ave,female,Adult 18+,2014-08-03
"July 30, 2014",Virginia,Bedford,Oakwood Knolls Dr,male,Adult 18+,2014-07-30
"July 30, 2014",Virginia,Bedford,1000 block of Oakwood Knolls,male,Adult 18+,2014-07-30
"July 13, 2014",Virginia,Roanoke,327 Hershberger Rd,male,Adult 18+,2014-07-13
"July 8, 2014",Virginia,Bristol,Rocky Hill Rd,male,Adult 18+,2014-07-08
"June 27, 2014",Virginia,Damascus,Zion Church Road,male,Adult 18+,2014-06-27
"June 27, 2014",Virginia,Damascus,Zion Church Road,female,Adult 18+,2014-06-27
"June 24, 2014",Virginia,Sterling,1100 block of Albemarle Road,male,Adult 18+,2014-06-24
"June 12, 2014",Virginia,Portsmouth,Cumberland Avenue and South Street,male,Adult 18+,2014-06-12
"June 9, 2014",Virginia,Suffolk,2297 William Reid Dr,male,Adult 18+,2014-06-09
"June 9, 2014",Virginia,Suffolk,2297 William Reid Dr,N/A,Unknown,2014-06-09
"June 7, 2014",Virginia,Norfolk,400 block of W 30th St,male,Adult 18+,2014-06-07
"June 7, 2014",Virginia,Norfolk,400 block of W 30th St,male,Adult 18+,2014-06-07
"June 4, 2014",Virginia,Norfolk,800 E. Virginia Beach Blvd.,male,Adult 18+,2014-06-04
"May 30, 2014",Virginia,Norfolk,7400 block of Wellington Rd,male,Adult 18+,2014-05-30
"May 30, 2014",Virginia,Norfolk,7400 block of Wellington Rd,male,Adult 18+,2014-05-30
"May 30, 2014",Virginia,Norfolk,7400 block of Wellington Rd,male,Teen 12-17,2014-05-30
"May 30, 2014",Virginia,Norfolk,7400 block of Wellington Rd,male,Adult 18+,2014-05-30
"May 26, 2014",Virginia,Purcellville,100 block of Frazer Drive,male,Teen 12-17,2014-05-26
"May 18, 2014",Virginia,Pearisburg,Virginia Street and Neal Street,male,Adult 18+,2014-05-18
"April 20, 2014",Virginia,Virginia Beach,N/A,male,Adult 18+,2014-04-20
"April 20, 2014",Virginia,Virginia Beach,N/A,N/A,Unknown,2014-04-20
"April 20, 2014",Virginia,Virginia Beach,N/A,male,Unknown,2014-04-20
"March 24, 2014",Virginia,Norfolk,1530 Gilbert St,male,Adult 18+,2014-03-24
"March 24, 2014",Virginia,Norfolk,1530 Gilbert St,male,Adult 18+,2014-03-24
"March 24, 2014",Virginia,Norfolk,1530 Gilbert St,male,Adult 18+,2014-03-24
"March 3, 2014",Virginia,Newport News,900 block of Hollymeade Circle,female,Adult 18+,2014-03-03
"February 9, 2014",Virginia,Chesterfield,400 block of Pocono Dr,N/A,Unknown,2014-02-09
"February 9, 2014",Virginia,Chesterfield,400 block of Pocono Dr,male,Adult 18+,2014-02-09
"January 9, 2014",Virginia,Richmond,1250 E Marshall St,male,Adult 18+,2014-01-09
"January 9, 2014",Virginia,Richmond,1250 E Marshall St,male,Adult 18+,2014-01-09
"January 7, 2014",Virginia,Ferrum,4411 Prillaman Switch Rd,male,Adult 18+,2014-01-07
"January 7, 2014",Virginia,Ferrum,4411 Prillaman Switch Rd,male,Adult 18+,2014-01-07
"January 7, 2014",Virginia,Ferrum,4411 Prillaman Switch Rd,male,Adult 18+,2014-01-07
