record_id,offense,incident_id,block_number,street_name,agency,date_reported,reporting_officer,address,lon,lat
1728,Shots Fired/Illegal Hunting,202300038740,300,RIVERSIDE AVE,CPD,2023-12-14T05:12:49Z,"Wells, Matthew",300 RIVERSIDE AVE Charlottesville VA,-78.45532349999999,38.02397310000001
1742,Robbery - Armed,202300038642,2100,ANGUS RD,CPD,2023-12-13T12:30:28Z,"Pendleton, Eric",2100 ANGUS RD Charlottesville VA,-78.49483959999999,38.0591743
1778,Shots Fired/Illegal Hunting,202300038321,1400,FOREST RIDGE RD,CPD,2023-12-10T02:41:17Z,"Whitten, Tobyn",1400 FOREST RIDGE RD Charlottesville VA,-78.4977693,38.0253485
1807,Shots Fired/Illegal Hunting,202300038104,700,PROSPECT AVE,CPD,2023-12-08T06:19:51Z,"Blackwell, Ryan",700 PROSPECT AVE Charlottesville VA,-78.49439579999999,38.0246386
1998,Shots Fired/Illegal Hunting,202300036777,700,PROSPECT AVE,CPD,2023-11-25T01:28:32Z,"Venereo, Arturo",700 PROSPECT AVE Charlottesville VA,-78.49439579999999,38.0246386
2011,Shots Fired/Illegal Hunting,202300036737,700,SHAMROCK RD,CPD,2023-11-24T04:47:04Z,"Blackwell, Ryan",700 SHAMROCK RD Charlottesville VA,-78.5034051,38.0213796
2114,Weapons Violations,202300035956,900,RIVES ST,CPD,2023-11-15T17:11:19Z,"Houchens, Jamell",900 RIVES ST Charlottesville VA,-78.469803,38.0177396
2116,Weapons Violations,202300035950,800,HARDY DR,CPD,2023-11-15T16:04:17Z,"Raines, Christopher",800 HARDY DR Charlottesville VA,-78.4904109,38.0332508
2119,Shots Fired/Illegal Hunting,202300035925,700,PINE ST,CPD,2023-11-15T10:01:18Z,"Blackwell, Ryan",700 PINE ST Charlottesville VA,-78.4953094,38.0271515
2171,Shots Fired/Illegal Hunting,202300035600,800,"HARDY DR, D",CPD,2023-11-12T00:42:51Z,"Moriarty, Thomas","800 HARDY DR, D Charlottesville VA",-78.4904109,38.0332508
2267,Robbery - Armed,202300034991,1000,RIDGE ST,CPD,2023-11-05T13:30:35Z,"Green, Bryan",1000 RIDGE ST Charlottesville VA,-78.49399609999999,38.0191484
2325,Shots Fired/Illegal Hunting,202300034701,100,OBSERVATORY AVE,CPD,2023-11-02T08:03:48Z,"Pinkman, Jackson",100 OBSERVATORY AVE Charlottesville VA,-78.5136586,38.0269664
2339,Robbery - Armed,202300034623,1100,EMMET ST N,CPD,2023-11-01T14:41:35Z,"Nash, Darius",1100 EMMET ST N Charlottesville VA,-78.50152299999999,38.0516392
2383,Shots Fired/Illegal Hunting,202300034329,100,"14TH ST NW, 1",CPD,2023-10-29T07:33:46Z,"O'Briant, Landon","100 14TH ST NW, 1 Charlottesville VA",-78.4993999,38.03418449999999
2409,Shots Fired/Illegal Hunting,202300034186,500,CHERRY AVE,CPD,2023-10-28T02:55:38Z,"Hannay, Jacob",500 CHERRY AVE Charlottesville VA,-78.4909553,38.0260508
2673,Weapons Violations,202300032499,1200,LEE ST,CPD,2023-10-12T04:09:51Z,"Blackwell, Kyle",1200 LEE ST Charlottesville VA,-78.4985288,38.0318629
2793,Shots Fired/Illegal Hunting,202300031755,2000,JEFFERSON PARK AVE,CPD,2023-10-05T05:27:23Z,"Blackwell, Ryan",2000 JEFFERSON PARK AVE Charlottesville VA,-78.5127278,38.0265064
2860,Shots Fired/Illegal Hunting,202300031413,1100,CHERRY AVE,CPD,2023-10-02T02:16:18Z,"Bentz, Benjamin ",1100 CHERRY AVE Charlottesville VA,-78.49877289999999,38.0279169
2925,Shots Fired/Illegal Hunting,202300030975,800,"HARDY DR, B",CPD,2023-09-28T01:32:12Z,"Bland, Johnnà","800 HARDY DR, B Charlottesville VA",-78.4904109,38.0332508
3004,Weapons Violations,202300030466,200,W MAIN ST,CPD,2023-09-23T05:21:57Z,"Wells, Matthew",200 W MAIN ST Charlottesville VA,-78.4825173,38.0308406
3013,Weapons Violations,202300030411,1200,6TH ST SE,CPD,2023-09-22T19:30:22Z,"Green, Bryan",1200 6TH ST SE Charlottesville VA,-78.4843183,38.0204774
3099,Weapons Violations,202300029803,800,"HARDY DR, A",CPD,2023-09-16T21:53:56Z,"Darby, Michael","800 HARDY DR, A Charlottesville VA",-78.4904109,38.0332508
3164,Shots Fired/Illegal Hunting,202300029452,NA,MADISON AVE / PRESTON AVE,CPD,2023-09-13T16:57:12Z,"Love-Baker, Sydney",NA MADISON AVE / PRESTON AVE Charlottesville VA,-78.49217879999999,38.0417906
3202,Shots Fired/Illegal Hunting,202300029175,800,"HARDY DR, J",CPD,2023-09-11T08:42:50Z,"O'Briant, Landon","800 HARDY DR, J Charlottesville VA",-78.4904109,38.0332508
3228,Robbery - Armed,202300029037,1000,BELMONT AVE,CPD,2023-09-09T19:02:19Z,"Pendleton, Eric",1000 BELMONT AVE Charlottesville VA,-78.4744552,38.02271
3251,Robbery - Armed,202300028878,NA,7 1/2 ST SW / PROSPECT AVE,CPD,2023-09-08T14:20:37Z,"Raines, Christopher",NA 7 1/2 ST SW / PROSPECT AVE Charlottesville VA,-78.4950791,38.0251933
3540,Shots Fired/Illegal Hunting,202300026662,200,8TH ST NW,CPD,2023-08-18T07:55:26Z,"Miller, Devin",200 8TH ST NW Charlottesville VA,-78.489806,38.0335899
3592,Shots Fired/Illegal Hunting,202300026306,700,PROSPECT AVE,CPD,2023-08-15T05:06:27Z,"O'Briant, Landon",700 PROSPECT AVE Charlottesville VA,-78.49439579999999,38.0246386
3774,Shots Fired/Illegal Hunting,202300024806,1600,CEDAR HILL RD,CPD,2023-08-02T07:52:58Z,"Miller, Devin",1600 CEDAR HILL RD Charlottesville VA,-78.4997669,38.0592124
3775,Shots Fired/Illegal Hunting,202300024792,300,"RIVERSIDE AVE, A",CPD,2023-08-02T03:58:00Z,"Wells, Matthew","300 RIVERSIDE AVE, A Charlottesville VA",-78.45532349999999,38.02397310000001
3811,Shots Fired/Illegal Hunting,202300024598,1500,ROSA TER,CPD,2023-07-31T14:15:19Z,"Perkins, Ceaser",1500 ROSA TER Charlottesville VA,-78.48598539999999,38.0196294
3903,Shots Fired/Illegal Hunting,202300023926,900,ROUGEMONT AVE,CPD,2023-07-25T04:49:39Z,"Lowry, Brent",900 ROUGEMONT AVE Charlottesville VA,-78.4815679,38.0149394
3994,Weapons Violations,202300023258,2000,HOLIDAY DR,CPD,2023-07-19T04:26:02Z,"Love-Baker, Sydney",2000 HOLIDAY DR Charlottesville VA,-78.49144969999999,38.057721
4093,Shots Fired/Illegal Hunting,202300022513,1600,GREENLEAF LN,CPD,2023-07-12T02:29:32Z,"Lowe, Courteny",1600 GREENLEAF LN Charlottesville VA,-78.4842295,38.04988609999999
4123,Shots Fired/Illegal Hunting,202300022307,700,"PROSPECT AVE, J",CPD,2023-07-09T22:59:09Z,"Bentz, Benjamin ","700 PROSPECT AVE, J Charlottesville VA",-78.49439579999999,38.0246386
4346,Weapons Violations,202300020499,1800,EMMET ST N,CPD,2023-06-22T23:47:03Z,"Lowe, Courteny",1800 EMMET ST N Charlottesville VA,-78.4931319,38.0597657
4426,Shots Fired/Illegal Hunting,202300019949,1100,PRESTON AVE,CPD,2023-06-17T19:04:37Z,"Eckenroth, Rachel",1100 PRESTON AVE Charlottesville VA,-78.49199560000001,38.04197260000001
4430,Robbery - Armed,202300019938,400,RIDGE MCINTIRE RD,CPD,2023-06-17T15:24:22Z,"Pendleton, Eric",400 RIDGE MCINTIRE RD Charlottesville VA,-78.4846049,38.0325974
4436,Shots Fired/Illegal Hunting,202300019892,NA,CHARLTON AVE / BOOKER ST,CPD,2023-06-17T00:39:23Z,"Bentz, Benjamin ",NA CHARLTON AVE / BOOKER ST Charlottesville VA,-78.48809299999999,38.0388474
4471,Shots Fired/Illegal Hunting,202300019617,200,DICE ST,CPD,2023-06-14T17:44:24Z,"Pendleton, Eric",200 DICE ST Charlottesville VA,-78.485987,38.0278136
4518,Weapons Violations,202300019230,1400,MEADOWBROOK RD,CPD,2023-06-11T01:38:43Z,"Darby, Michael",1400 MEADOWBROOK RD Charlottesville VA,-78.4963558,38.0544197
4566,Shots Fired/Illegal Hunting,202300018915,1600,"MADISON AVE, A",CPD,2023-06-08T03:40:11Z,"Whitten, Tobyn","1600 MADISON AVE, A Charlottesville VA",-78.48672359999999,38.0416287
4630,Shots Fired/Illegal Hunting,202300018477,1100,FOREST HILLS AVE,CPD,2023-06-04T01:01:08Z,"Alfonso, Sean",1100 FOREST HILLS AVE Charlottesville VA,-78.4985085,38.0251365
4635,Weapons Violations,202300018451,500,CHERRY AVE,CPD,2023-06-03T19:13:45Z,"Hamill, Annmarie",500 CHERRY AVE Charlottesville VA,-78.4909553,38.0260508
4677,Shots Fired/Illegal Hunting,202300018164,1000,FOREST HILLS AVE,CPD,2023-06-01T01:55:09Z,"Darby, Michael",1000 FOREST HILLS AVE Charlottesville VA,-78.49573509999999,38.025324
4723,Shots Fired/Illegal Hunting,202300017820,900,6TH ST SE,CPD,2023-05-28T12:19:05Z,"Eckenroth, Rachel",900 6TH ST SE Charlottesville VA,-78.4818581,38.0235298
4724,Shots Fired/Illegal Hunting,202300017810,300,E MAIN ST,CPD,2023-05-28T05:56:33Z,"Headley, Someya",300 E MAIN ST Charlottesville VA,-78.4799451,38.03010380000001
4800,Shots Fired/Illegal Hunting,202300017003,400,7 1/2 ST SW,CPD,2023-05-21T04:08:11Z,"Alfonso, Sean",400 7 1/2 ST SW Charlottesville VA,-78.49212820000001,38.02828460000001
4873,Shots Fired/Illegal Hunting,202300016425,1100,PRESTON AVE,CPD,2023-05-16T18:40:41Z,"Burnett, James",1100 PRESTON AVE Charlottesville VA,-78.49199560000001,38.04197260000001
5019,Shots Fired/Illegal Hunting,202300015089,600,PRESTON PL,CPD,2023-05-06T05:51:21Z,"Payne, Katherine",600 PRESTON PL Charlottesville VA,-78.4983243,38.0412229
5095,Shots Fired/Illegal Hunting,202300014475,1000,2ND ST SE,CPD,2023-05-01T00:41:26Z,"Vlasis, Christopher",1000 2ND ST SE Charlottesville VA,-78.4836552,38.0237568
5104,Shots Fired/Illegal Hunting,202300014401,NA,HYDRAULIC RD @ EMMET ST,CPD,2023-04-30T03:24:06Z,"Curry, Brian",NA HYDRAULIC RD @ EMMET ST Charlottesville VA,-78.4916274,38.0618709
5458,Shots Fired/Illegal Hunting,202300011236,NA,ROCK CREEK RD / FOREST RIDGE RD,CPD,2023-04-06T03:33:13Z,"Bise, Collin",NA ROCK CREEK RD / FOREST RIDGE RD Charlottesville VA,-78.4993702,38.022307
5474,Shots Fired/Illegal Hunting,202300011103,500,CHERRY AVE,CPD,2023-04-05T01:37:48Z,"Darby, Michael",500 CHERRY AVE Charlottesville VA,-78.4909553,38.0260508
5516,Weapons Violations,202300010594,1500,E HIGH ST,CPD,2023-04-01T02:38:49Z,"Venereo, Arturo",1500 E HIGH ST Charlottesville VA,-78.4617403,38.0329531
5535,Weapons Violations,202300010453,3800,-78.4835100710000000,CPD,2023-03-31T01:17:39Z,"Curry, Brian",3800 -78.4835100710000000 Charlottesville VA,-78.47667810000002,38.0293059
5582,Robbery - Armed,202300010006,2000,HOLIDAY DR,CPD,2023-03-27T22:17:31Z,"Venereo, Arturo",2000 HOLIDAY DR Charlottesville VA,-78.49144969999999,38.057721
5700,Shots Fired/Illegal Hunting,202300009168,800,HARDY DR,CPD,2023-03-21T06:32:32Z,"Wells, Matthew",800 HARDY DR Charlottesville VA,-78.4904109,38.0332508
5745,Weapons Violations,202300008752,100,ELLIEWOOD AVE,CPD,2023-03-18T07:10:59Z,"Whitten, Tobyn",100 ELLIEWOOD AVE Charlottesville VA,-78.5005709,38.0363092
5746,Shots Fired/Illegal Hunting,202300008750,NA,7TH ST NW / 8TH ST NW,CPD,2023-03-18T06:09:11Z,"Vlasis, Christopher",NA 7TH ST NW / 8TH ST NW Charlottesville VA,-78.4900074,38.0341216
5771,Robbery - Armed,202300008583,800,HINTON AVE,CPD,2023-03-17T00:46:21Z,"Lowe, Courteny",800 HINTON AVE Charlottesville VA,-78.47640109999999,38.0249267
5929,Shots Fired/Illegal Hunting,202300007239,1500,RUGBY AVE,CPD,2023-03-05T16:43:24Z,"Hopiane, Sayd",1500 RUGBY AVE Charlottesville VA,-78.4840519,38.0451364
6041,Shots Fired/Illegal Hunting,202300006204,1400,EARLY ST,CPD,2023-02-25T11:10:27Z,"Blackwell, Ryan",1400 EARLY ST Charlottesville VA,-78.4835635,38.0190561
6054,Weapons Violations,202300006122,200,BYPASS HWY @ BARRACKS RD,CPD,2023-02-24T21:41:56Z,"Bentz, Benjamin ",200 BYPASS HWY @ BARRACKS RD Charlottesville VA,-78.5067537,38.0593611
6096,Shots Fired/Illegal Hunting,202300005715,2000,"HOLIDAY DR, 215",CPD,2023-02-21T02:48:00Z,"Mullins, James","2000 HOLIDAY DR, 215 Charlottesville VA",-78.49144969999999,38.057721
6204,Shots Fired/Illegal Hunting,202380000125,800,HARDY DR,CPD,2023-02-12T03:57:09Z,"Moje, Ashley",800 HARDY DR Charlottesville VA,-78.4904109,38.0332508
6217,Shots Fired/Illegal Hunting,202300004547,NA,6 1/2 ST SW,CPD,2023-02-11T02:25:00Z,"Alfonso, Sean",NA 6 1/2 ST SW Charlottesville VA,-78.4909497,38.0285405
6307,Robbery - Armed,202300003755,1200,"WERTLAND ST, 8",CPD,2023-02-05T00:08:29Z,"Darby, Michael","1200 WERTLAND ST, 8 Charlottesville VA",-78.49652979999999,38.0341648
6336,Shots Fired/Illegal Hunting,202300003522,200,10TH ST NW,CPD,2023-02-03T03:10:51Z,"Whitten, Tobyn",200 10TH ST NW Charlottesville VA,-78.4940096,38.0339937
6363,Shots Fired/Illegal Hunting,202300003306,100,AMHERST ST,CPD,2023-02-01T04:54:42Z,"Wood, Trevis",100 AMHERST ST Charlottesville VA,-78.4871718,38.0426671
6377,Shots Fired/Illegal Hunting,202300003211,500,PATON ST,CPD,2023-01-31T04:09:13Z,"Blackwell, Kyle",500 PATON ST Charlottesville VA,-78.502145,38.0271285
6423,Weapons Violations,202300002843,1000,CHERRY AVE,CPD,2023-01-27T16:54:45Z,"Burnett, James",1000 CHERRY AVE Charlottesville VA,-78.4980135,38.0270336
6479,Robbery - Armed,202300002354,2100,JEFFERSON PARK AVE,CPD,2023-01-22T23:45:36Z,"Houchens, Logan",2100 JEFFERSON PARK AVE Charlottesville VA,-78.513497,38.026078
6497,Weapons Violations,202300002196,1400,SUNRISE PARK LN,CPD,2023-01-21T15:32:53Z,"Green, Bryan",1400 SUNRISE PARK LN Charlottesville VA,-78.46737139999999,38.0210736
6579,Shots Fired/Illegal Hunting,202300001656,NA,CHERRY AVE / HANOVER ST,CPD,2023-01-16T21:37:42Z,"Alfonso, Sean",NA CHERRY AVE / HANOVER ST Charlottesville VA,-78.5007844,38.0261822
6584,Shots Fired/Illegal Hunting,202300001638,300,"RIVERSIDE AVE, A",CPD,2023-01-16T17:49:38Z,"Shiflett, Tammy","300 RIVERSIDE AVE, A Charlottesville VA",-78.45532349999999,38.02397310000001
6591,Robbery - Armed,202300001552,2100,ANGUS RD,CPD,2023-01-16T01:42:29Z,"Mullins, James",2100 ANGUS RD Charlottesville VA,-78.49483959999999,38.0591743
6638,Weapons Violations,202300001207,700,ORANGEDALE AVE,CPD,2023-01-12T21:37:46Z,"Bentz, Benjamin ",700 ORANGEDALE AVE Charlottesville VA,-78.49541889999999,38.0246115
6722,Shots Fired/Illegal Hunting,202300000481,2300,ANGUS RD,CPD,2023-01-06T00:33:40Z,"Lowe, Courteny",2300 ANGUS RD Charlottesville VA,-78.4980357,38.0612439
6868,Robbery - Armed,202200037212,500,PRESTON AVE,CPD,2022-12-26T16:36:32Z,"Hopiane, Sayd",500 PRESTON AVE Charlottesville VA,-78.4854946,38.03482520000001
6883,Shots Fired/Illegal Hunting,202200037024,200,CARLTON RD,CPD,2022-12-24T02:23:30Z,"Lee, Chandler",200 CARLTON RD Charlottesville VA,-78.4686674,38.0236016
6943,Shots Fired/Illegal Hunting,202200036593,1100,GRADY AVE,CPD,2022-12-19T19:52:42Z,"Houchens, Jamell",1100 GRADY AVE Charlottesville VA,-78.4938186,38.03945179999999
6949,Shots Fired/Illegal Hunting,202200036545,800,"HARDY DR, C",CPD,2022-12-19T09:11:57Z,"Samar, Jack","800 HARDY DR, C Charlottesville VA",-78.4904109,38.0332508
7028,Shots Fired/Illegal Hunting,202200035981,1300,WILLOW DR,CPD,2022-12-13T15:00:07Z,"Shiflett, Tammy",1300 WILLOW DR Charlottesville VA,-78.4614569,38.0349888
7098,Shots Fired/Illegal Hunting,202200035635,600,DICE ST,CPD,2022-12-09T18:56:56Z,"Houchens, Jamell",600 DICE ST Charlottesville VA,-78.48982269999999,38.02922239999999
7106,Shots Fired/Illegal Hunting,202200035595,800,HARDY DR,CPD,2022-12-09T04:37:37Z,"Miller, Devin",800 HARDY DR Charlottesville VA,-78.4904109,38.0332508
7107,Shots Fired/Illegal Hunting,202200035593,600,DICE ST,CPD,2022-12-09T03:22:04Z,"Middleton, Matthew",600 DICE ST Charlottesville VA,-78.48982269999999,38.02922239999999
7146,Shots Fired/Illegal Hunting,202200035403,1000,EMMET ST N,CPD,2022-12-07T08:12:52Z,"Curry, Brian",1000 EMMET ST N Charlottesville VA,-78.5024746,38.050261
7200,Shots Fired/Illegal Hunting,202200035049,800,"W MAIN ST, 108",CPD,2022-12-04T00:44:41Z,"Middleton, Matthew","800 W MAIN ST, 108 Charlottesville VA",-78.4903331,38.0314795
7260,Shots Fired/Illegal Hunting,202200034602,700,"6TH ST SE, D",CPD,2022-11-29T06:13:46Z,"Vlasis, Christopher","700 6TH ST SE, D Charlottesville VA",-78.48072189999999,38.0251055
7280,Shots Fired/Illegal Hunting,202200034502,NA,RIVERSIDE AVE @ CHESAPEAKE ST,CPD,2022-11-28T03:41:33Z,"Wells, Matthew",NA RIVERSIDE AVE @ CHESAPEAKE ST Charlottesville VA,-78.4560728,38.0230833
7367,Robbery - Armed,202200033816,2300,DELLMEAD LN,CPD,2022-11-20T04:05:56Z,"Curry, Brian",2300 DELLMEAD LN Charlottesville VA,-78.4986572,38.0604488
7452,Weapons Violations,202200033205,900,EMMET ST N,CPD,2022-11-14T05:15:03Z,"Curry, Brian",900 EMMET ST N Charlottesville VA,-78.502983,38.048586
7570,Robbery - Armed,202200032370,100,"CARROLLTON TER, F",CPD,2022-11-06T08:25:55Z,"Bise, Collin","100 CARROLLTON TER, F Charlottesville VA",-78.51023959999999,38.0280083
7590,Shots Fired/Illegal Hunting,202200032258,900,1ST ST S,CPD,2022-11-05T04:40:37Z,"Blackwell, Ryan",900 1ST ST S Charlottesville VA,-78.4856599,38.0228959
7746,Shots Fired/Illegal Hunting,202200031058,1400,"MONTICELLO RD, 24",CPD,2022-10-26T20:55:22Z,"Smith, Daniel","1400 MONTICELLO RD, 24 Charlottesville VA",-78.47219009999999,38.0192234
7840,Weapons Violations,202200030377,1400,SUNRISE PARK LN,CPD,2022-10-20T23:59:45Z,"Smith, Daniel",1400 SUNRISE PARK LN Charlottesville VA,-78.46737139999999,38.0210736
7943,Shots Fired/Illegal Hunting,202200029768,200,STRIBLING AVE,CPD,2022-10-14T23:31:09Z,"Smith, Daniel",200 STRIBLING AVE Charlottesville VA,-78.5190301,38.0224346
8025,Robbery - Armed,202200029233,200,HARTMANS MILL RD,CPD,2022-10-09T06:29:29Z,"Vlasis, Christopher",200 HARTMANS MILL RD Charlottesville VA,-78.4884026,38.0196976
8037,Robbery - Armed,202200029157,1400,"MONTICELLO RD, 210",CPD,2022-10-08T19:01:02Z,"Pendleton, Eric","1400 MONTICELLO RD, 210 Charlottesville VA",-78.4726263,38.0194527
8060,Shots Fired/Illegal Hunting,202200029004,900,RIVES ST,CPD,2022-10-07T10:02:31Z,"Blackwell, Ryan",900 RIVES ST Charlottesville VA,-78.469803,38.0177396
8089,Shots Fired/Illegal Hunting,202200028830,100,ELLIOTT AVE,CPD,2022-10-05T09:08:52Z,"Blackwell, Ryan",100 ELLIOTT AVE Charlottesville VA,-78.4876993,38.0248133
8091,Shots Fired/Illegal Hunting,202200028822,800,BOLLING AVE,CPD,2022-10-05T05:10:34Z,"Blackwell, Ryan",800 BOLLING AVE Charlottesville VA,-78.47805819999999,38.0226333
8110,Shots Fired/Illegal Hunting,202200028691,1600,"EMMET ST N, 228",CPD,2022-10-04T02:47:02Z,"Hounsel, Eli","1600 EMMET ST N, 228 Charlottesville VA",-78.493877,38.057909
8128,Shots Fired/Illegal Hunting,202200028601,NA,5TH ST SW @ RIDGE ST,CPD,2022-10-03T05:04:24Z,"Vlasis, Christopher",NA 5TH ST SW @ RIDGE ST Charlottesville VA,-78.4889724,38.0258962
8138,Shots Fired/Illegal Hunting,202200028526,1900,EMMET ST N,CPD,2022-10-02T04:08:26Z,"Curry, Brian",1900 EMMET ST N Charlottesville VA,-78.4925669,38.0606411
8224,Shots Fired/Illegal Hunting,202200027985,1000,FOREST HILLS AVE,CPD,2022-09-26T20:29:33Z,"Alfonso, Sean",1000 FOREST HILLS AVE Charlottesville VA,-78.49573509999999,38.025324
8260,Weapons Violations,202200027744,NA,10TH ST NW / W MAIN ST,CPD,2022-09-24T08:43:22Z,"Aguilera, Natalia",NA 10TH ST NW / W MAIN ST Charlottesville VA,-78.49475,38.0326021
8333,Robbery - Armed,202200027257,1100,EMMET ST N,CPD,2022-09-20T12:57:33Z,"Samar, Jack",1100 EMMET ST N Charlottesville VA,-78.50152299999999,38.0516392
8368,Shots Fired/Illegal Hunting,202200027035,800,HARDY DR,CPD,2022-09-18T04:43:32Z,"Blackwell, Kyle",800 HARDY DR Charlottesville VA,-78.4904109,38.0332508
8375,Weapons Violations,202200026908,1500,UNIVERSITY AVE,CPD,2022-09-17T04:56:03Z,"Hounsel, Eli",1500 UNIVERSITY AVE Charlottesville VA,-78.50034029999999,38.0345776
8378,Shots Fired/Illegal Hunting,202200026893,NA,8TH ST NW / HARDY DR,CPD,2022-09-17T02:52:26Z,"Hopiane, Sayd",NA 8TH ST NW / HARDY DR Charlottesville VA,-78.49024159999999,38.0334267
8424,Weapons Violations,202200026629,1600,"6TH ST SE, 43",CPD,2022-09-14T18:25:26Z,"Green, Bryan","1600 6TH ST SE, 43 Charlottesville VA",-78.4862162,38.0168186
35,Shots Fired/Illegal Hunting,202400012248,NA,6 1/2 ST SW,CPD,2024-04-12T04:05:50Z,"Pinkman, Jackson",NA 6 1/2 ST SW Charlottesville VA,-78.4909497,38.0285405
67,Shots Fired/Illegal Hunting,202400012008,NA,GRADY AVE @ VIRGINIA AVE,CPD,2024-04-10T05:56:25Z,"Wells, Matthew",NA GRADY AVE @ VIRGINIA AVE Charlottesville VA,-78.495246,38.0397966
78,Shots Fired/Illegal Hunting,202400011886,1000,CHERRY AVE,CPD,2024-04-09T02:17:26Z,"Venereo, Arturo",1000 CHERRY AVE Charlottesville VA,-78.4980135,38.0270336
166,Robbery - Armed,202400011239,1600,UNIVERSITY AVE,CPD,2024-04-02T15:15:34Z,"Ritter, Kobe",1600 UNIVERSITY AVE Charlottesville VA,-78.5010266,38.03544249999999
193,Shots Fired/Illegal Hunting,202400011049,900,WEST ST,CPD,2024-04-01T00:32:33Z,"Love-Baker, Sydney",900 WEST ST Charlottesville VA,-78.4899619,38.0363534
218,Shots Fired/Illegal Hunting,202400010842,NA,CABELL AVE / STEWART CIR,CPD,2024-03-30T04:01:27Z,"Wells, Matthew",NA CABELL AVE / STEWART CIR Charlottesville VA,-78.4945089,38.0432286
306,Shots Fired/Illegal Hunting,202400010138,NA,NASSAU ST / VINE ST,CPD,2024-03-24T06:44:32Z,"Brannon, Devin",NA NASSAU ST / VINE ST Charlottesville VA,-78.4669454,38.0192364
312,Weapons Violations,202400010087,NA,HYDRAULIC RD / HILLSDALE DR,CPD,2024-03-24T00:01:09Z,"Hannay, Jacob",NA HYDRAULIC RD / HILLSDALE DR Charlottesville VA,-78.49011999999999,38.0597472
329,Robbery - Armed,202400009969,700,1ST ST S,CPD,2024-03-22T21:05:44Z,"Reed, Danielle",700 1ST ST S Charlottesville VA,-78.48394189999999,38.0261522
345,Shots Fired/Illegal Hunting,202400009775,900,5TH ST SW,CPD,2024-03-21T07:23:30Z,"Miller, Devin",900 5TH ST SW Charlottesville VA,-78.49365499999999,38.0216885
358,Shots Fired/Illegal Hunting,202400009625,NA,PROSPECT AVE / FOREST HILLS AVE,CPD,2024-03-19T21:08:10Z,"Johnson, Teddrick",NA PROSPECT AVE / FOREST HILLS AVE Charlottesville VA,-78.49514239999999,38.0252557
388,Shots Fired/Illegal Hunting,202400009407,400,"CARL SMITH ST, 204",CPD,2024-03-17T22:52:02Z,"Shiflett, Ethan ","400 CARL SMITH ST, 204 Charlottesville VA",-78.4668434,38.02090159999999
429,Shots Fired/Illegal Hunting,202400009135,NA,LANKFORD AVE / RIDGE ST,CPD,2024-03-15T16:09:53Z,"Gaytan, Alejandro",NA LANKFORD AVE / RIDGE ST Charlottesville VA,-78.4887309,38.0224021
454,Shots Fired/Illegal Hunting,202400008959,2100,"MICHIE DR, 29",CPD,2024-03-14T04:05:38Z,"Mcdougal, Jordan","2100 MICHIE DR, 29 Charlottesville VA",-78.483828,38.062986
507,Shots Fired/Illegal Hunting,202400008572,NA,FOREST HILLS AVE / FOREST RIDGE RD,CPD,2024-03-11T02:30:00Z,"Crowley, Raeann",NA FOREST HILLS AVE / FOREST RIDGE RD Charlottesville VA,-78.4977693,38.0253485
517,Weapons Violations,202400008523,1300,"CARLTON AVE, 306",CPD,2024-03-10T14:40:09Z,"Eckenroth, Rachel","1300 CARLTON AVE, 306 Charlottesville VA",-78.4693363,38.0220596
552,Weapons Violations,202400008257,700,"PROSPECT AVE, B",CPD,2024-03-08T01:12:56Z,"Crowley, Raeann","700 PROSPECT AVE, B Charlottesville VA",-78.4943265,38.0246754
593,Robbery - Armed,202400007960,2100,MICHIE DR,CPD,2024-03-05T07:49:35Z,"Mcdougal, Jordan",2100 MICHIE DR Charlottesville VA,-78.483828,38.062986
618,Shots Fired/Illegal Hunting,202400007741,NA,ARBOR CIR / FAIRWAY AVE,CPD,2024-03-03T02:21:38Z,"Shiflett, Ethan ",NA ARBOR CIR / FAIRWAY AVE Charlottesville VA,-78.4634981,38.0291879
623,Weapons Violations,202400007722,NA,HARDY DR / 8TH ST NW,CPD,2024-03-02T23:51:42Z,"Love-Baker, Sydney",NA HARDY DR / 8TH ST NW Charlottesville VA,-78.49024159999999,38.0334267
649,Shots Fired/Illegal Hunting,202400007408,200,OLD LYNCHBURG RD,CPD,2024-02-29T05:32:28Z,"Chabot, Katherine",200 OLD LYNCHBURG RD Charlottesville VA,-78.51454939999999,38.0157702
709,Shots Fired/Illegal Hunting,202400007065,NA,GLENDALE RD / NORTH AVE,CPD,2024-02-26T03:33:41Z,"Bland, Johnnà",NA GLENDALE RD / NORTH AVE Charlottesville VA,-78.46621809999999,38.0428581
717,Shots Fired/Illegal Hunting,202400006941,100,STEWART CIR,CPD,2024-02-25T00:32:08Z,"Mullins, James",100 STEWART CIR Charlottesville VA,-78.49435129999999,38.0435027
747,Shots Fired/Illegal Hunting,202400006695,900,1ST ST S,CPD,2024-02-23T04:36:44Z,"Moriarty, Thomas",900 1ST ST S Charlottesville VA,-78.4856599,38.0228959
789,Weapons Violations,202400006375,1100,5TH ST SW,CPD,2024-02-20T04:21:19Z,"Vlasis, Christopher",1100 5TH ST SW Charlottesville VA,-78.497806,38.01713
828,Weapons Violations,202400006048,1200,EMMET ST N,CPD,2024-02-17T02:39:55Z,"McLeod, Dustin",1200 EMMET ST N Charlottesville VA,-78.4985906,38.0529166
892,Shots Fired/Illegal Hunting,202400005485,1100,MYRTLE ST,CPD,2024-02-13T06:40:47Z,"Ritter, Kobe",1100 MYRTLE ST Charlottesville VA,-78.4718525,38.0242262
915,Weapons Violations,202400005242,1300,W MAIN ST,CPD,2024-02-11T04:47:13Z,"Ritter, Kobe",1300 W MAIN ST Charlottesville VA,-78.4979397,38.0332883
943,Shots Fired/Illegal Hunting,202400004996,800,PROSPECT AVE,CPD,2024-02-09T05:40:10Z,"Darby, Michael",800 PROSPECT AVE Charlottesville VA,-78.496659,38.0211962
1051,Shots Fired/Illegal Hunting,202400004005,1600,CEDAR HILL RD,CPD,2024-02-01T22:39:04Z,"Darby, Michael",1600 CEDAR HILL RD Charlottesville VA,-78.4997669,38.0592124
1090,Shots Fired/Illegal Hunting,202400003541,2100,JEFFERSON PARK AVE,CPD,2024-01-30T03:50:22Z,"Brannon, Devin",2100 JEFFERSON PARK AVE Charlottesville VA,-78.513497,38.026078
1094,Weapons Violations,202400003498,NA,NASSAU ST / VINE ST,CPD,2024-01-29T21:41:19Z,"Pleasants, Bradley",NA NASSAU ST / VINE ST Charlottesville VA,-78.4669454,38.0192364
1129,Shots Fired/Illegal Hunting,202400003008,100,"STEWART CIR, B",CPD,2024-01-27T07:10:20Z,"Crowley, Raeann","100 STEWART CIR, B Charlottesville VA",-78.4943675,38.0434234
1132,Weapons Violations,202400002943,1200,EMMET ST N,CPD,2024-01-27T03:06:21Z,"Moriarty, Thomas",1200 EMMET ST N Charlottesville VA,-78.4985906,38.0529166
1216,Shots Fired/Illegal Hunting,202400002266,700,VILLAGE RD,CPD,2024-01-22T03:19:47Z,"Phillips, Nicole",700 VILLAGE RD Charlottesville VA,-78.50421539999999,38.0207954
1218,Shots Fired/Illegal Hunting,202400002260,800,STONEHENGE AVE,CPD,2024-01-22T02:15:03Z,"Lowry, Brent",800 STONEHENGE AVE Charlottesville VA,-78.4813046,38.0179487
1250,Weapons Violations,202400001928,100,MCINTIRE PARK DR,CPD,2024-01-20T01:13:07Z,"Ritter, Kobe",100 MCINTIRE PARK DR Charlottesville VA,-78.4778656,38.0490139
1338,Shots Fired/Illegal Hunting,202400001153,900,CHARLTON AVE,CPD,2024-01-13T05:58:46Z,"Darby, Michael",900 CHARLTON AVE Charlottesville VA,-78.48724639999999,38.0382901
1365,Shots Fired/Illegal Hunting,202400001009,800,HARDY DR,CPD,2024-01-11T20:16:09Z,"Troche, Nicholas",800 HARDY DR Charlottesville VA,-78.4904109,38.0332508
1380,Shots Fired/Illegal Hunting,202400000836,NA,ESTES ST / 9TH ST SW,CPD,2024-01-10T05:13:42Z,"Bise, Collin",NA ESTES ST / 9TH ST SW Charlottesville VA,-78.4945024,38.0308901
1401,Shots Fired/Illegal Hunting,202400000613,NA,1ST ST S / LANKFORD AVE,CPD,2024-01-08T01:19:48Z,"Lowry, Ryan",NA 1ST ST S / LANKFORD AVE Charlottesville VA,-78.4867842,38.0213612
1512,Shots Fired/Illegal Hunting,202300040043,900,CHARLTON AVE,CPD,2023-12-31T00:48:56Z,"Bland, Johnnà",900 CHARLTON AVE Charlottesville VA,-78.48724639999999,38.0382901
1539,Shots Fired/Illegal Hunting,202380000946,800,HARDY DR,CPD,2023-12-29T10:53:29Z,"Miller, Tiffany ",800 HARDY DR Charlottesville VA,-78.4904109,38.0332508
1540,Shots Fired/Illegal Hunting,202300039919,800,HARDY DR,CPD,2023-12-29T10:42:27Z,"Khaleefa, Hamzeh",800 HARDY DR Charlottesville VA,-78.4904109,38.0332508
1614,Shots Fired/Illegal Hunting,202300039526,500,12TH ST NW,CPD,2023-12-23T01:26:08Z,"Love-Baker, Sydney",500 12TH ST NW Charlottesville VA,-78.49466199999999,38.0385968
8488,Shots Fired/Illegal Hunting,202200026222,300,E MAIN ST,CPD,2022-09-10T22:39:43Z,"Lee, Chandler",300 E MAIN ST Charlottesville VA,-78.4799451,38.03010380000001
8584,Robbery - Armed,202200025540,100,MAURY AVE,CPD,2022-09-04T04:16:41Z,"Hounsel, Eli",100 MAURY AVE Charlottesville VA,-78.5151671,38.0261007
8588,Shots Fired/Illegal Hunting,202200025488,400,250 BYPASS,CPD,2022-09-03T21:26:42Z,"Whitten, Tobyn",400 250 BYPASS Charlottesville VA,-78.4806874,38.0506896
8667,Weapons Violations,202200024946,100,14TH ST NW,CPD,2022-08-30T00:32:14Z,"Houchens, Logan",100 14TH ST NW Charlottesville VA,-78.4993999,38.03418449999999
8690,Shots Fired/Illegal Hunting,202200024794,800,HARDY DR,CPD,2022-08-28T20:14:19Z,"Green, Bryan",800 HARDY DR Charlottesville VA,-78.4904109,38.0332508
8698,Shots Fired/Illegal Hunting,202200024757,200,9TH ST NW,CPD,2022-08-28T07:26:04Z,"Mullins, James",200 9TH ST NW Charlottesville VA,-78.4919713,38.034575
8828,Shots Fired/Illegal Hunting,202200023902,900,CHARLTON AVE,CPD,2022-08-20T23:00:26Z,"Smith, Daniel",900 CHARLTON AVE Charlottesville VA,-78.48724639999999,38.0382901
8865,Shots Fired/Illegal Hunting,202200023667,1400,FOREST RIDGE RD,CPD,2022-08-19T01:47:24Z,"Smith, Daniel",1400 FOREST RIDGE RD Charlottesville VA,-78.4977693,38.0253485
8867,Weapons Violations,202200023659,900,ALBEMARLE ST,CPD,2022-08-19T00:03:17Z,"Middleton, Matthew",900 ALBEMARLE ST Charlottesville VA,-78.4845064,38.037675
8901,Shots Fired/Illegal Hunting,202200023467,800,"HARDY DR, A",CPD,2022-08-17T03:45:20Z,"Blackwell, Kyle","800 HARDY DR, A Charlottesville VA",-78.4904109,38.0332508
8958,Shots Fired/Illegal Hunting,202200023104,900,HARRIS ST,CPD,2022-08-13T09:53:35Z,"Blank, Alexander",900 HARRIS ST Charlottesville VA,-78.4825202,38.0376211
9005,Shots Fired/Illegal Hunting,202200022737,1200,CHERRY AVE,CPD,2022-08-10T03:26:17Z,"Lowe, Courteny",1200 CHERRY AVE Charlottesville VA,-78.49958939999999,38.0275361
9040,Shots Fired/Illegal Hunting,202200022559,900,PAGE ST,CPD,2022-08-08T12:47:47Z,"Houchens, Jamell",900 PAGE ST Charlottesville VA,-78.4919985,38.0347432
9246,Shots Fired/Illegal Hunting,202200021188,NA,MCINTIRE RD,CPD,2022-07-27T04:33:38Z,"Patel, Akash",NA MCINTIRE RD Charlottesville VA,-78.4788449,38.0378149
9250,Weapons Violations,202200021159,500,HARRIS RD,CPD,2022-07-27T00:09:27Z,"Via, Ryan",500 HARRIS RD Charlottesville VA,-78.5036871,38.0150991
9384,Weapons Violations,202200020177,2000,INDIA RD,CPD,2022-07-17T15:47:01Z,"Perkins, Ceaser",2000 INDIA RD Charlottesville VA,-78.4879016,38.0623473
9391,Shots Fired/Illegal Hunting,202200020152,1300,"WERTLAND ST, 1",CPD,2022-07-17T07:52:10Z,"Haug, Ian","1300 WERTLAND ST, 1 Charlottesville VA",-78.4981245,38.0344098
9414,Weapons Violations,202200020028,NA,14TH ST NW / UNIVERSITY AVE,CPD,2022-07-16T06:38:54Z,"Curry, Brian",NA 14TH ST NW / UNIVERSITY AVE Charlottesville VA,-78.4995907,38.0340417
9595,Shots Fired/Illegal Hunting,202200018540,500,RIDGE ST,CPD,2022-07-03T21:04:43Z,"Samar, Jack",500 RIDGE ST Charlottesville VA,-78.4867156,38.0271212
9601,Shots Fired/Illegal Hunting,202200018526,200,DICE ST,CPD,2022-07-03T18:38:51Z,"Houchens, Jamell",200 DICE ST Charlottesville VA,-78.485987,38.0278136
9678,Robbery - Armed,202200017888,1900,EMMET ST N,CPD,2022-06-28T10:40:39Z,"Eckenroth, Rachel",1900 EMMET ST N Charlottesville VA,-78.4925669,38.0606411
9719,Weapons Violations,202200017510,100,MCINTIRE PARK DR,CPD,2022-06-25T08:51:09Z,"Hopkins, Emma",100 MCINTIRE PARK DR Charlottesville VA,-78.4778656,38.0490139
9751,Weapons Violations,202200017220,200,E WATER ST,CPD,2022-06-22T19:49:21Z,"Smith, Daniel",200 E WATER ST Charlottesville VA,-78.4828897,38.0301911
9795,Shots Fired/Illegal Hunting,202200016906,2100,"MICHIE DR, 89",CPD,2022-06-20T03:05:01Z,"Curry, Brian","2100 MICHIE DR, 89 Charlottesville VA",-78.483828,38.062986
9824,Weapons Violations,202200016712,100,ELLIEWOOD AVE,CPD,2022-06-18T05:18:40Z,"Miller, Devin",100 ELLIEWOOD AVE Charlottesville VA,-78.5005709,38.0363092
10022,Shots Fired/Illegal Hunting,202200015351,700,"NALLE ST, A",CPD,2022-06-05T07:57:31Z,"Hickey, Declan","700 NALLE ST, A Charlottesville VA",-78.49153,38.0293989
10038,Shots Fired/Illegal Hunting,202200015236,NA,HARDY DR / PAGE ST,CPD,2022-06-04T06:38:17Z,"Miller, Devin",NA HARDY DR / PAGE ST Charlottesville VA,-78.49260149999999,38.0347784
10408,Robbery - Armed,202200012656,300,W MAIN ST,CPD,2022-05-13T05:15:56Z,"Blackwell, Kyle",300 W MAIN ST Charlottesville VA,-78.4855953,38.0302236
10426,Shots Fired/Illegal Hunting,202200012544,800,HARDY DR,CPD,2022-05-12T03:34:24Z,"McKeown, Kaitlyn",800 HARDY DR Charlottesville VA,-78.4904109,38.0332508
10505,Shots Fired/Illegal Hunting,202200012011,800,HARDY DR,CPD,2022-05-07T04:06:27Z,"Vlasis, Christopher",800 HARDY DR Charlottesville VA,-78.4904109,38.0332508
10508,Shots Fired/Illegal Hunting,202200011991,900,PAGE ST,CPD,2022-05-07T02:53:34Z,"Hopiane, Sayd",900 PAGE ST Charlottesville VA,-78.4919985,38.0347432
10601,Shots Fired/Illegal Hunting,202200011241,200,W MARKET ST,CPD,2022-05-01T05:46:57Z,"Wells, Matthew",200 W MARKET ST Charlottesville VA,-78.482079,38.0316304
10615,Robbery - Armed,202200011147,1700,ALLIED LN,CPD,2022-04-30T18:38:10Z,"Samar, Jack",1700 ALLIED LN Charlottesville VA,-78.4770607,38.0408637
10620,Shots Fired/Illegal Hunting,202200011133,2400,FONTAINE AVE,CPD,2022-04-30T16:08:02Z,"McKeown, Kaitlyn",2400 FONTAINE AVE Charlottesville VA,-78.5189857,38.0257767
10679,Shots Fired/Illegal Hunting,202200010653,300,4TH ST SE,CPD,2022-04-27T00:52:51Z,"Arreguin, Arron",300 4TH ST SE Charlottesville VA,-78.47947099999999,38.0286671
10706,Robbery - Armed,202200010455,100,MONTE VISTA AVE,CPD,2022-04-25T10:50:44Z,"Bise, Collin",100 MONTE VISTA AVE Charlottesville VA,-78.5126834,38.0172786
10741,Shots Fired/Illegal Hunting,202200010163,800,HARDY DR,CPD,2022-04-23T05:10:18Z,"Gower, Charles",800 HARDY DR Charlottesville VA,-78.4904109,38.0332508
10790,Weapons Violations,202200009831,300,11TH ST NW,CPD,2022-04-20T14:43:21Z,"Allen, Claire",300 11TH ST NW Charlottesville VA,-78.4949821,38.0358484
10798,Robbery - Armed,202200009780,700,"AVON ST, A",CPD,2022-04-20T01:53:03Z,"Arreguin, Arron","700 AVON ST, A Charlottesville VA",-78.4791588,38.024325
10807,Robbery - Armed,202200009721,300,"RIVERSIDE AVE, B",CPD,2022-04-19T16:06:49Z,"Shiflett, Tammy","300 RIVERSIDE AVE, B Charlottesville VA",-78.45532349999999,38.02397310000001
11041,Robbery - Armed,202200008295,400,RIDGE MCINTIRE RD,CPD,2022-04-07T10:20:34Z,"Haug, Ian",400 RIDGE MCINTIRE RD Charlottesville VA,-78.4846049,38.0325974
11075,Robbery - Armed,202200008111,300,13TH ST NW,CPD,2022-04-05T05:32:12Z,"Curry, Brian",300 13TH ST NW Charlottesville VA,-78.497314,38.0359094
11078,Shots Fired/Illegal Hunting,202200008087,100,E JEFFERSON ST,CPD,2022-04-05T00:47:29Z,"Darby, Michael",100 E JEFFERSON ST Charlottesville VA,-78.4810701,38.0321144
11220,Shots Fired/Illegal Hunting,202200007253,100,BRANDYWINE CT,CPD,2022-03-27T01:56:21Z,"Green, Bryan",100 BRANDYWINE CT Charlottesville VA,-78.4874782,38.0577204
11239,Shots Fired/Illegal Hunting,202200007161,300,9TH ST SW,CPD,2022-03-26T03:57:06Z,"Patel, Akash",300 9TH ST SW Charlottesville VA,-78.4947181,38.0300372
11242,Shots Fired/Illegal Hunting,202200007158,NA,MCINTIRE RD/PRESTON AV,CPD,2022-03-26T03:31:39Z,"Gower, Charles",NA MCINTIRE RD/PRESTON AV Charlottesville VA,-78.4837182,38.0336917
11243,Shots Fired/Illegal Hunting,202200007153,100,9TH ST SE,CPD,2022-03-26T02:50:12Z,"Gower, Charles",100 9TH ST SE Charlottesville VA,-78.4768896,38.028
11352,Shots Fired/Illegal Hunting,202200006556,700,PROSPECT AVE,CPD,2022-03-19T22:26:27Z,"Lowry, Ryan",700 PROSPECT AVE Charlottesville VA,-78.49439579999999,38.0246386
11356,Weapons Violations,202200006536,2100,MICHIE DR,CPD,2022-03-19T18:17:46Z,"Samar, Jack",2100 MICHIE DR Charlottesville VA,-78.483828,38.062986
11479,Shots Fired/Illegal Hunting,202200005837,800,HARDY DR,CPD,2022-03-11T15:26:41Z,"Pittman, Terry",800 HARDY DR Charlottesville VA,-78.4904109,38.0332508
11550,Shots Fired/Illegal Hunting,202200005221,600,11TH ST NW,CPD,2022-03-05T13:41:19Z,"Venereo, Arturo",600 11TH ST NW Charlottesville VA,-78.4934208,38.0391209
11816,Weapons Violations,202200003600,1300,LONG ST,CPD,2022-02-15T23:11:36Z,"Bentz, Benjamin ",1300 LONG ST Charlottesville VA,-78.4628755,38.0354379
11988,Shots Fired/Illegal Hunting,202200002619,800,HARDY DR,CPD,2022-02-05T05:25:54Z,"Miller, Devin",800 HARDY DR Charlottesville VA,-78.4904109,38.0332508
11989,Robbery - Armed,202200002612,200,E WATER ST,CPD,2022-02-05T04:29:45Z,"Patel, Akash",200 E WATER ST Charlottesville VA,-78.4828897,38.0301911
12043,Shots Fired/Illegal Hunting,202200002288,600,MONTROSE AVE,CPD,2022-02-01T00:43:24Z,"Green, Bryan",600 MONTROSE AVE Charlottesville VA,-78.4823648,38.0225696
12163,Weapons Violations,202200001515,800,CHERRY AVE,CPD,2022-01-21T16:50:52Z,"McKeown, Kaitlyn",800 CHERRY AVE Charlottesville VA,-78.4933842,38.0283131
12234,Shots Fired/Illegal Hunting,202200001082,2100,"MICHIE DR, 129",CPD,2022-01-15T02:44:00Z,"Gower, Charles","2100 MICHIE DR, 129 Charlottesville VA",-78.483828,38.062986
12274,Shots Fired/Illegal Hunting,202200000788,1600,MADISON AVE,CPD,2022-01-11T04:52:16Z,"Smith, Daniel",1600 MADISON AVE Charlottesville VA,-78.48672359999999,38.0416287
12382,Shots Fired/Illegal Hunting,202200000039,700,ORANGEDALE AVE,CPD,2022-01-01T10:04:30Z,"Hickey, Declan",700 ORANGEDALE AVE Charlottesville VA,-78.49541889999999,38.0246115
12387,Shots Fired/Illegal Hunting,202200000009,NA,GARRETT ST / 6TH ST SE,CPD,2022-01-01T06:40:21Z,"Gower, Charles",NA GARRETT ST / 6TH ST SE Charlottesville VA,-78.4789701,38.0273494
12389,Shots Fired/Illegal Hunting,202100036355,700,PROSPECT AVE,CPD,2022-01-01T00:54:47Z,"Lowe, Courteny",700 PROSPECT AVE Charlottesville VA,-78.49439579999999,38.0246386
12391,Weapons Violations,202100036333,300,CARLTON RD,CPD,2021-12-31T19:27:54Z,"Pendleton, Eric",300 CARLTON RD Charlottesville VA,-78.4698885,38.0223962
12398,Shots Fired/Illegal Hunting,202100036304,100,8TH ST NW,CPD,2021-12-31T07:59:41Z,"Blackwell, Kyle",100 8TH ST NW Charlottesville VA,-78.4908277,38.03170720000001
12468,Shots Fired/Illegal Hunting,202100035831,NA,6TH ST SE / BOLLING AVE,CPD,2021-12-24T09:43:10Z,"Haug, Ian",NA 6TH ST SE / BOLLING AVE Charlottesville VA,-78.48129039999999,38.02432719999999
12499,Robbery - Armed,202100035585,700,CHERRY AVE,CPD,2021-12-21T00:15:26Z,"Alfonso, Sean",700 CHERRY AVE Charlottesville VA,-78.49170529999999,38.0277499
12605,Robbery - Armed,202100034771,100,W MAIN ST,CPD,2021-12-12T03:14:43Z,"Houchens, Logan",100 W MAIN ST Charlottesville VA,-78.481656,38.0307181
12619,Shots Fired/Illegal Hunting,202100034701,800,"HARDY DR, A",CPD,2021-12-11T10:43:57Z,"Blackwell, Kyle","800 HARDY DR, A Charlottesville VA",-78.4904109,38.0332508
12697,Robbery - Armed,202100034149,1600,UNIVERSITY AVE,CPD,2021-12-06T01:15:27Z,"Eckenroth, Rachel",1600 UNIVERSITY AVE Charlottesville VA,-78.5010266,38.03544249999999
12809,Shots Fired/Illegal Hunting,202100033347,1200,E MARKET ST,CPD,2021-11-28T06:38:58Z,"Miller, Devin",1200 E MARKET ST Charlottesville VA,-78.4684341,38.0266293
12820,Shots Fired/Illegal Hunting,202100033263,700,PROSPECT AVE,CPD,2021-11-27T07:30:26Z,"Whitten, Tobyn",700 PROSPECT AVE Charlottesville VA,-78.49439579999999,38.0246386
12858,Robbery - Armed,202100032945,700,"PROSPECT AVE, K",CPD,2021-11-23T07:22:01Z,"Bise, Collin","700 PROSPECT AVE, K Charlottesville VA",-78.49439579999999,38.0246386
12898,Shots Fired/Illegal Hunting,202100032679,1000,FOREST HILLS AVE,CPD,2021-11-20T05:35:21Z,"Gower, Charles",1000 FOREST HILLS AVE Charlottesville VA,-78.49573509999999,38.025324
12909,Shots Fired/Illegal Hunting,202100032588,100,MAYWOOD LN,CPD,2021-11-19T06:37:48Z,"Hounsel, Eli",100 MAYWOOD LN Charlottesville VA,-78.5090105,38.029447
13269,Shots Fired/Illegal Hunting,202100029800,700,6TH ST SE,CPD,2021-10-21T03:07:15Z,"Blackwell, Ryan",700 6TH ST SE Charlottesville VA,-78.48072189999999,38.0251055
13365,Weapons Violations,202100028964,800,HARDY DR,CPD,2021-10-13T03:10:25Z,"Fink, James",800 HARDY DR Charlottesville VA,-78.4904109,38.0332508
13385,Weapons Violations,202100028842,100,MONTE VISTA AVE,CPD,2021-10-11T22:18:05Z,"Fink, James",100 MONTE VISTA AVE Charlottesville VA,-78.5126834,38.0172786
13432,Shots Fired/Illegal Hunting,202100028566,NA,MINOR COURT LN / UNIVERSITY AVE,CPD,2021-10-09T06:15:35Z,"Whitten, Tobyn",NA MINOR COURT LN / UNIVERSITY AVE Charlottesville VA,-78.50034029999999,38.0345776
13433,Robbery - Armed,202100028558,100,"MONTE VISTA AVE, A",CPD,2021-10-09T04:55:48Z,"Lucas, Corbin","100 MONTE VISTA AVE, A Charlottesville VA",-78.51267539999999,38.0173265
13434,Shots Fired/Illegal Hunting,202100028553,NA,1ST ST S / LANKFORD AVE,CPD,2021-10-09T03:29:54Z,"Groff, Hayden",NA 1ST ST S / LANKFORD AVE Charlottesville VA,-78.4867842,38.0213612
13449,Shots Fired/Illegal Hunting,202100028455,700,PROSPECT AVE,CPD,2021-10-08T05:27:28Z,"Haug, Ian",700 PROSPECT AVE Charlottesville VA,-78.49439579999999,38.0246386
13475,Weapons Violations,202100028296,800,HARDY DR,CPD,2021-10-06T14:57:07Z,"McKeown, Kaitlyn",800 HARDY DR Charlottesville VA,-78.4904109,38.0332508
13519,Shots Fired/Illegal Hunting,202100027887,NA,7 1/2 ST SW,CPD,2021-10-02T06:43:08Z,"Blackwell, Kyle",NA 7 1/2 ST SW Charlottesville VA,-78.493153,38.0274684
13520,Shots Fired/Illegal Hunting,202100027884,NA,CHERRY AVE / 5TH ST SW,CPD,2021-10-02T06:17:41Z,"Lucas, Corbin",NA CHERRY AVE / 5TH ST SW Charlottesville VA,-78.4889724,38.0258962
13544,Shots Fired/Illegal Hunting,202100027694,NA,EMMET ST N @ BARRACKS RD,CPD,2021-09-30T22:12:40Z,"Lee, Chandler",NA EMMET ST N @ BARRACKS RD Charlottesville VA,-78.49905420000002,38.0526871
13737,Shots Fired/Illegal Hunting,202100026420,800,"HARDY DR, B",CPD,2021-09-18T12:34:13Z,"Turner, Devon","800 HARDY DR, B Charlottesville VA",-78.4904109,38.0332508
13741,Shots Fired/Illegal Hunting,202100026410,NA,8TH ST NW / 7TH ST NW,CPD,2021-09-18T06:17:14Z,"Blackwell, Kyle",NA 8TH ST NW / 7TH ST NW Charlottesville VA,-78.4896954,38.033321
13781,Robbery - Armed,202100026071,100,RUGBY RD,CPD,2021-09-14T23:49:25Z,"Gower, Charles",100 RUGBY RD Charlottesville VA,-78.5033943,38.0368693
13782,Shots Fired/Illegal Hunting,202100026064,2100,"ANGUS RD, 14",CPD,2021-09-14T23:35:23Z,"Fink, James","2100 ANGUS RD, 14 Charlottesville VA",-78.49483959999999,38.0591743
13931,Shots Fired/Illegal Hunting,202100025171,1400,MONTICELLO RD,CPD,2021-09-07T18:44:55Z,"Samar, Jack",1400 MONTICELLO RD Charlottesville VA,-78.4726001,38.0194441
13941,Shots Fired/Illegal Hunting,202100025079,500,CHERRY AVE,CPD,2021-09-06T23:30:44Z,"Stein, Nathan",500 CHERRY AVE Charlottesville VA,-78.4909553,38.0260508
13959,Shots Fired/Illegal Hunting,202100024935,800,HARDY DR,CPD,2021-09-05T08:03:27Z,"Vlasis, Christopher",800 HARDY DR Charlottesville VA,-78.4904109,38.0332508
13976,Shots Fired/Illegal Hunting,202100024804,200,"2ND ST SE, 100",CPD,2021-09-04T05:37:28Z,"Houchens, Jamell","200 2ND ST SE, 100 Charlottesville VA",-78.4811019,38.0298023
14012,Shots Fired/Illegal Hunting,202100024632,400,GARRETT ST,CPD,2021-09-03T01:13:28Z,"Gower, Charles",400 GARRETT ST Charlottesville VA,-78.4816416,38.0277639
14013,Weapons Violations,202100024621,600,12TH ST NW,CPD,2021-09-02T23:33:49Z,"Maney, Edward",600 12TH ST NW Charlottesville VA,-78.4942904,38.0394456
14021,Shots Fired/Illegal Hunting,202100024529,500,12TH ST NW,CPD,2021-09-02T01:13:52Z,"Holley, Barrett",500 12TH ST NW Charlottesville VA,-78.49466199999999,38.0385968
14054,Shots Fired/Illegal Hunting,202100024308,300,"PATON ST, A",CPD,2021-08-30T23:52:52Z,"Via, Ryan","300 PATON ST, A Charlottesville VA",-78.50257839999999,38.0285052
14094,Shots Fired/Illegal Hunting,202100024048,1200,E MARKET ST,CPD,2021-08-28T06:23:24Z,"Whitten, Tobyn",1200 E MARKET ST Charlottesville VA,-78.4684341,38.0266293
14236,Shots Fired/Illegal Hunting,202100023253,800,HARDY DR,CPD,2021-08-21T07:20:46Z,"Houchens, Logan",800 HARDY DR Charlottesville VA,-78.4904109,38.0332508
14238,Shots Fired/Illegal Hunting,202100023239,700,PROSPECT AVE,CPD,2021-08-21T04:05:28Z,"Groff, Hayden",700 PROSPECT AVE Charlottesville VA,-78.49439579999999,38.0246386
14265,Robbery - Armed,202100023106,700,PROSPECT AVE,CPD,2021-08-19T20:17:19Z,"Stein, Nathan",700 PROSPECT AVE Charlottesville VA,-78.49439579999999,38.0246386
14288,Shots Fired/Illegal Hunting,202100022943,NA,PROSPECT AVE / BAILEY RD,CPD,2021-08-18T06:24:49Z,"Blackwell, Ryan",NA PROSPECT AVE / BAILEY RD Charlottesville VA,-78.4968377,38.02138619999999
14311,Shots Fired/Illegal Hunting,202100022818,1400,MONTICELLO RD,CPD,2021-08-17T01:33:57Z,"Bradley, Heather",1400 MONTICELLO RD Charlottesville VA,-78.4726001,38.0194441
14346,Shots Fired/Illegal Hunting,202100022548,NA,PROSPECT AVE / BAILEY RD,CPD,2021-08-14T08:03:24Z,"Blackwell, Ryan",NA PROSPECT AVE / BAILEY RD Charlottesville VA,-78.4968377,38.02138619999999
14349,Weapons Violations,202100022531,NA,ELLIEWOOD AVE / UNIVERSITY AVE,CPD,2021-08-14T03:43:28Z,"Vlasis, Christopher",NA ELLIEWOOD AVE / UNIVERSITY AVE Charlottesville VA,-78.50091979999999,38.0353119
14369,Shots Fired/Illegal Hunting,202100022432,NA,2ND ST SE @ 6TH ST SE,CPD,2021-08-13T05:09:03Z,"Blackwell, Kyle",NA 2ND ST SE @ 6TH ST SE Charlottesville VA,-78.47834399999999,38.0281372
14379,Weapons Violations,202100022356,100,PERRY DR,CPD,2021-08-12T12:37:30Z,"Shiflett, Tammy",100 PERRY DR Charlottesville VA,-78.479685,38.0360346
14405,Robbery - Armed,202100022133,1100,5TH ST SW,CPD,2021-08-10T01:37:27Z,"Stein, Nathan",1100 5TH ST SW Charlottesville VA,-78.497806,38.01713
14498,Robbery - Armed,202100021397,600,E WATER ST,CPD,2021-08-01T22:35:21Z,"Chan, William",600 E WATER ST Charlottesville VA,-78.4776442,38.0288229
14505,Shots Fired/Illegal Hunting,202100021371,800,FOREST ST,CPD,2021-08-01T17:16:26Z,"Keplinger, Christopher",800 FOREST ST Charlottesville VA,-78.4862003,38.0376347
14529,Weapons Violations,202100021241,1000,GROVE ST,CPD,2021-07-31T13:05:32Z,"Pittman, Terry",1000 GROVE ST Charlottesville VA,-78.4969515,38.0296972
14549,Shots Fired/Illegal Hunting,202100021120,900,1ST ST S,CPD,2021-07-30T06:52:09Z,"McNerney, Todd",900 1ST ST S Charlottesville VA,-78.4856599,38.0228959
14622,Shots Fired/Illegal Hunting,202100020607,NA,JEFFERSON PARK AVE / FONTAINE AVE,CPD,2021-07-24T06:12:48Z,"Patel, Akash",NA JEFFERSON PARK AVE / FONTAINE AVE Charlottesville VA,-78.5151197,38.0259426
14645,Shots Fired/Illegal Hunting,202100020442,700,ANDERSON ST,CPD,2021-07-22T23:12:01Z,"Vlasis, Christopher",700 ANDERSON ST Charlottesville VA,-78.4884184,38.0342151
14649,Robbery - Armed,202100020427,700,"PROSPECT AVE, A",CPD,2021-07-22T20:46:13Z,"TRAVERS, JOSHUA","700 PROSPECT AVE, A Charlottesville VA",-78.49445419999999,38.0246317
14713,Shots Fired/Illegal Hunting,202100020026,500,CHERRY AVE,CPD,2021-07-19T00:31:39Z,"Alfonso, Sean",500 CHERRY AVE Charlottesville VA,-78.4909553,38.0260508
14767,Robbery - Armed,202100019537,100,OLD LYNCHBURG RD,CPD,2021-07-14T02:12:18Z,"Alfonso, Sean",100 OLD LYNCHBURG RD Charlottesville VA,-78.5132641,38.0186066
14772,Weapons Violations,202100019507,900,EMMET ST N,CPD,2021-07-13T20:16:21Z,"Green, Bryan",900 EMMET ST N Charlottesville VA,-78.502983,38.048586
14814,Shots Fired/Illegal Hunting,202100019156,NA,ORANGEDALE AVE / BAILEY RD,CPD,2021-07-10T07:44:24Z,"Hounsel, Eli",NA ORANGEDALE AVE / BAILEY RD Charlottesville VA,-78.4976336,38.0217623
14825,Shots Fired/Illegal Hunting,202100019032,100,"LONGWOOD DR, B",CPD,2021-07-09T05:11:42Z,"HARPINE, MATTHEW","100 LONGWOOD DR, B Charlottesville VA",-78.5044117,38.0153859
14864,Shots Fired/Illegal Hunting,202100018770,800,ORANGEDALE AVE,CPD,2021-07-06T21:35:05Z,"Stein, Nathan",800 ORANGEDALE AVE Charlottesville VA,-78.4975054,38.0215283
14895,Weapons Violations,202100018563,700,ORANGEDALE AVE,CPD,2021-07-05T03:23:55Z,"Johnston, Ernest",700 ORANGEDALE AVE Charlottesville VA,-78.49541889999999,38.0246115
14898,Shots Fired/Illegal Hunting,202100018450,700,ORANGEDALE AVE,CPD,2021-07-04T06:47:42Z,"Bise, Collin",700 ORANGEDALE AVE Charlottesville VA,-78.49541889999999,38.0246115
14983,Shots Fired/Illegal Hunting,202100017832,700,"PROSPECT AVE, A",CPD,2021-06-28T18:58:03Z,"Turner, Devon","700 PROSPECT AVE, A Charlottesville VA",-78.49445419999999,38.0246317
14991,Shots Fired/Illegal Hunting,202100017741,800,"HARDY DR, F",CPD,2021-06-27T22:48:21Z,"Haug, Ian","800 HARDY DR, F Charlottesville VA",-78.4904109,38.0332508
15100,Shots Fired/Illegal Hunting,202100016917,800,CHERRY AVE,CPD,2021-06-20T06:48:20Z,"Vlasis, Christopher",800 CHERRY AVE Charlottesville VA,-78.4933842,38.0283131
15161,Shots Fired/Illegal Hunting,202100016423,400,GARRETT ST,CPD,2021-06-16T05:46:50Z,"Via, Ryan",400 GARRETT ST Charlottesville VA,-78.4816416,38.0277639
15164,Weapons Violations,202100016415,NA,MCINTIRE RD / NELSON DR,CPD,2021-06-16T03:41:58Z,"Morrison, Kyle",NA MCINTIRE RD / NELSON DR Charlottesville VA,-78.4781921,38.0385442
15165,Shots Fired/Illegal Hunting,202100016414,700,PROSPECT AVE,CPD,2021-06-16T03:18:10Z,"Bise, Collin",700 PROSPECT AVE Charlottesville VA,-78.49439579999999,38.0246386
15182,Shots Fired/Illegal Hunting,202100016304,700,RIDGE ST,CPD,2021-06-15T02:35:59Z,"Via, Ryan",700 RIDGE ST Charlottesville VA,-78.4898523,38.0245196
15305,Shots Fired/Illegal Hunting,202100015252,2200,ANGUS RD,CPD,2021-06-05T02:03:32Z,"Eckenroth, Rachel",2200 ANGUS RD Charlottesville VA,-78.49716839999999,38.0610206
15375,Shots Fired/Illegal Hunting,202100014868,800,"HARDY DR, H",CPD,2021-06-01T07:02:15Z,"Hickey, Declan","800 HARDY DR, H Charlottesville VA",-78.4904109,38.0332508
15394,Shots Fired/Illegal Hunting,202100014706,700,ORANGEDALE AVE,CPD,2021-05-30T15:28:44Z,"Samar, Jack",700 ORANGEDALE AVE Charlottesville VA,-78.49541889999999,38.0246115
15415,Shots Fired/Illegal Hunting,202100014497,NA,FRANKLIN ST / MASON ST,CPD,2021-05-28T03:25:21Z,"Blackwell, Ryan",NA FRANKLIN ST / MASON ST Charlottesville VA,-78.4658204,38.019082
15461,Weapons Violations,202100014127,1100,MONTICELLO RD,CPD,2021-05-24T06:09:56Z,"Haug, Ian",1100 MONTICELLO RD Charlottesville VA,-78.47294049999999,38.0215265
15475,Shots Fired/Illegal Hunting,202100014014,2200,NORTH BERKSHIRE RD,CPD,2021-05-23T03:11:34Z,"Hall, Stephen",2200 NORTH BERKSHIRE RD Charlottesville VA,-78.4964419,38.0600145
15568,Shots Fired/Illegal Hunting,202100013260,400,GARRETT ST,CPD,2021-05-16T05:14:22Z,"Gower, Charles",400 GARRETT ST Charlottesville VA,-78.4816416,38.0277639
15593,Weapons Violations,202100013041,NA,RUGBY RD / CHANCELLOR ST,CPD,2021-05-14T05:26:54Z,"Patel, Akash",NA RUGBY RD / CHANCELLOR ST Charlottesville VA,-78.5018833,38.0394362
15621,Robbery - Armed,202100012829,700,ROCKLAND AVE,CPD,2021-05-12T00:16:36Z,"Smith, Daniel",700 ROCKLAND AVE Charlottesville VA,-78.48365230000002,38.0179221
15687,Shots Fired/Illegal Hunting,202100012411,700,PROSPECT AVE,CPD,2021-05-08T04:47:30Z,"Gower, Charles",700 PROSPECT AVE Charlottesville VA,-78.49439579999999,38.0246386
15693,Weapons Violations,202100012368,400,E JEFFERSON ST,CPD,2021-05-07T21:48:30Z,"Blank, Alexander",400 E JEFFERSON ST Charlottesville VA,-78.4784596,38.0314062
15704,Shots Fired/Illegal Hunting,202100012218,800,HARDY DR,CPD,2021-05-06T04:47:23Z,"Hounsel, Eli",800 HARDY DR Charlottesville VA,-78.4904109,38.0332508
15764,Shots Fired/Illegal Hunting,202100011740,500,12TH ST NW,CPD,2021-05-01T12:59:48Z,"Bayles, Shawn",500 12TH ST NW Charlottesville VA,-78.49466199999999,38.0385968
15774,Shots Fired/Illegal Hunting,202100011712,800,HARDY DR,CPD,2021-05-01T02:21:53Z,"Vlasis, Christopher",800 HARDY DR Charlottesville VA,-78.4904109,38.0332508
15782,Weapons Violations,202100011690,900,EMMET ST N,CPD,2021-04-30T16:24:26Z,"Stayments, Ronald ",900 EMMET ST N Charlottesville VA,-78.502983,38.048586
15788,Shots Fired/Illegal Hunting,202100011630,1900,SWANSON DR,CPD,2021-04-30T04:12:37Z,"Adams, Jonathan",1900 SWANSON DR Charlottesville VA,-78.494151,38.0618151
15790,Robbery - Armed,202100011614,800,AVON ST,CPD,2021-04-30T01:42:13Z,"Bowers, Justin",800 AVON ST Charlottesville VA,-78.47961219999999,38.0233992
15873,Shots Fired/Illegal Hunting,202100010961,2500,WILLARD DR,CPD,2021-04-23T06:28:52Z,"Hounsel, Eli",2500 WILLARD DR Charlottesville VA,-78.5102423,38.0194051
15911,Robbery - Armed,202100010632,1700,EMMET ST N,CPD,2021-04-18T23:14:39Z,"Huffman, Mark",1700 EMMET ST N Charlottesville VA,-78.49350780000002,38.0589612
15947,Shots Fired/Illegal Hunting,202100010375,NA,MONTICELLO AVE @ 2ND ST SE,CPD,2021-04-16T02:50:32Z,"Bowers, Justin",NA MONTICELLO AVE @ 2ND ST SE Charlottesville VA,-78.4826102,38.0273167
15948,Shots Fired/Illegal Hunting,202100010364,NA,GARRETT ST / 1ST ST S,CPD,2021-04-16T01:03:36Z,"Bowers, Justin",NA GARRETT ST / 1ST ST S Charlottesville VA,-78.482547,38.0286832
15988,Robbery - Armed,202100010010,500,CHERRY AVE,CPD,2021-04-12T10:16:14Z,"Vlasis, Christopher",500 CHERRY AVE Charlottesville VA,-78.4909553,38.0260508
16039,Shots Fired/Illegal Hunting,202100009607,NA,RIDGE MCINTIRE RD @ W MAIN ST,CPD,2021-04-08T03:13:32Z,"Gower, Charles",NA RIDGE MCINTIRE RD @ W MAIN ST Charlottesville VA,-78.4851949,38.0305406
16042,Shots Fired/Illegal Hunting,202100009576,800,"HARDY DR, D",CPD,2021-04-07T20:55:00Z,"Holley, Barrett","800 HARDY DR, D Charlottesville VA",-78.4904109,38.0332508
16043,Shots Fired/Illegal Hunting,202100009577,700,PROSPECT AVE,CPD,2021-04-07T19:59:42Z,"Stein, Nathan",700 PROSPECT AVE Charlottesville VA,-78.49439579999999,38.0246386
16044,Shots Fired/Illegal Hunting,202100009572,700,"PROSPECT AVE, E",CPD,2021-04-07T19:59:42Z,"Stein, Nathan","700 PROSPECT AVE, E Charlottesville VA",-78.49439579999999,38.0246386
16065,Shots Fired/Illegal Hunting,202100009320,NA,GORDON AVE / 12TH ST NW,CPD,2021-04-05T15:44:19Z,"Tennyson, James",NA GORDON AVE / 12TH ST NW Charlottesville VA,-78.49490229999999,38.03851
16068,Shots Fired/Illegal Hunting,202100009300,800,"HARDY DR, G",CPD,2021-04-05T04:59:24Z,"Vlasis, Christopher","800 HARDY DR, G Charlottesville VA",-78.4904109,38.0332508
16095,Shots Fired/Illegal Hunting,202100009100,800,HARDY DR,CPD,2021-04-03T03:17:20Z,"Vlasis, Christopher",800 HARDY DR Charlottesville VA,-78.4904109,38.0332508
16141,Shots Fired/Illegal Hunting,202100008709,2300,"NORTH BERKSHIRE RD, B",CPD,2021-03-29T22:24:33Z,"Smith, Daniel","2300 NORTH BERKSHIRE RD, B Charlottesville VA",-78.49661119999999,38.0625308
16165,Shots Fired/Illegal Hunting,202100008483,200,PALATINE AVE,CPD,2021-03-27T18:30:39Z,"TRAVERS, JOSHUA",200 PALATINE AVE Charlottesville VA,-78.4810329,38.01570419999999
16173,Shots Fired/Illegal Hunting,202100008425,900,1ST ST S,CPD,2021-03-27T04:22:59Z,"Gower, Charles",900 1ST ST S Charlottesville VA,-78.4856599,38.0228959
16176,Shots Fired/Illegal Hunting,202100008413,NA,2ND ST SE @ MONTICELLO AVE,CPD,2021-03-27T02:49:29Z,"Blackwell, Ryan",NA 2ND ST SE @ MONTICELLO AVE Charlottesville VA,-78.4826102,38.0273167
16193,Shots Fired/Illegal Hunting,202100008305,2400,ARLINGTON BLVD,CPD,2021-03-26T04:25:51Z,"Patel, Akash",2400 ARLINGTON BLVD Charlottesville VA,-78.5074325,38.0496959
16251,Shots Fired/Illegal Hunting,202100007762,1500,CARLTON AVE,CPD,2021-03-21T07:08:19Z,"Groff, Hayden",1500 CARLTON AVE Charlottesville VA,-78.4634066,38.02152640000001
16346,Shots Fired/Illegal Hunting,202100006921,800,ANDERSON ST,CPD,2021-03-13T12:10:23Z,"Young, Steven",800 ANDERSON ST Charlottesville VA,-78.4899564,38.034827
16350,Shots Fired/Illegal Hunting,202100006866,900,NASSAU ST,CPD,2021-03-13T03:21:06Z,"Middleton, Matthew",900 NASSAU ST Charlottesville VA,-78.46835899999999,38.016812
16408,Shots Fired/Illegal Hunting,202100006360,700,PROSPECT AVE,CPD,2021-03-08T05:21:25Z,"Bise, Collin",700 PROSPECT AVE Charlottesville VA,-78.49439579999999,38.0246386
16438,Weapons Violations,202100006092,1500,VINE ST,CPD,2021-03-05T05:20:27Z,"Blackwell, Ryan",1500 VINE ST Charlottesville VA,-78.46693590000001,38.0192345
16657,Shots Fired/Illegal Hunting,202100004134,NA,2ND ST SE / GARRETT ST,CPD,2021-02-11T23:27:03Z,"Bowers, Justin",NA 2ND ST SE / GARRETT ST Charlottesville VA,-78.4817403,38.0284743
16682,Shots Fired/Illegal Hunting,202100003953,800,HARDY DR,CPD,2021-02-10T00:56:56Z,"Arreguin, Arron",800 HARDY DR Charlottesville VA,-78.4904109,38.0332508
16712,Shots Fired/Illegal Hunting,202100003774,800,W MAIN ST,CPD,2021-02-08T09:03:29Z,"Vlasis, Christopher",800 W MAIN ST Charlottesville VA,-78.4903331,38.0314795
16756,Weapons Violations,202100003381,1600,GROVE RD,CPD,2021-02-04T19:27:01Z,"Keplinger, Christopher",1600 GROVE RD Charlottesville VA,-78.4808982,38.05460679999999
16757,Shots Fired/Illegal Hunting,202100003373,700,PROSPECT AVE,CPD,2021-02-04T18:47:27Z,"Nash, Darius",700 PROSPECT AVE Charlottesville VA,-78.49439579999999,38.0246386
16797,Weapons Violations,202100003015,600,"ROCK CREEK RD, B",CPD,2021-01-31T02:25:14Z,"Smith, Daniel","600 ROCK CREEK RD, B Charlottesville VA",-78.502842,38.0243566
16824,Shots Fired/Illegal Hunting,202100002784,1400,MELBOURNE RD,CPD,2021-01-28T20:37:30Z,"Green, Bryan",1400 MELBOURNE RD Charlottesville VA,-78.47462829999999,38.0516386
16849,Shots Fired/Illegal Hunting,202100002553,600,MASON ST,CPD,2021-01-26T06:35:03Z,"Whitten, Tobyn",600 MASON ST Charlottesville VA,-78.4656098,38.0197322
16944,Shots Fired/Illegal Hunting,202100001530,500,"1ST ST S, 201",CPD,2021-01-16T03:55:25Z,"Gower, Charles","500 1ST ST S, 201 Charlottesville VA",-78.4832662,38.0269388
16977,Weapons Violations,202100001177,1600,EMMET ST N,CPD,2021-01-12T20:54:03Z,"Via, Ryan",1600 EMMET ST N Charlottesville VA,-78.493877,38.057909
17029,Shots Fired/Illegal Hunting,202100000510,600,"PROSPECT AVE, B",CPD,2021-01-06T21:43:19Z,"Stein, Nathan","600 PROSPECT AVE, B Charlottesville VA",-78.4950757,38.025189
17039,Shots Fired/Illegal Hunting,202100000454,700,PROSPECT AVE,CPD,2021-01-06T04:56:55Z,"Wood, Joseph",700 PROSPECT AVE Charlottesville VA,-78.49439579999999,38.0246386
17041,Shots Fired/Illegal Hunting,202100000447,700,6TH ST SE,CPD,2021-01-06T02:41:27Z,"Lowe, Courteny",700 6TH ST SE Charlottesville VA,-78.48072189999999,38.0251055
17052,Shots Fired/Illegal Hunting,202100000347,700,NASSAU ST,CPD,2021-01-05T03:51:56Z,"Blackwell, Ryan",700 NASSAU ST Charlottesville VA,-78.4669519,38.0192287
17068,Robbery - Armed,202100000271,600,E MARKET ST,CPD,2021-01-04T08:42:12Z,"Vlasis, Christopher",600 E MARKET ST Charlottesville VA,-78.4774516,38.0304104
17077,Shots Fired/Illegal Hunting,202100000164,700,6TH ST SE,CPD,2021-01-03T03:58:38Z,"Groff, Hayden",700 6TH ST SE Charlottesville VA,-78.48072189999999,38.0251055
17093,Robbery - Armed,202000035969,300,RIDGE ST,CPD,2021-01-01T03:57:39Z,"Blackwell, Ryan",300 RIDGE ST Charlottesville VA,-78.4856961,38.0283691
17181,Robbery - Armed,202000035065,700,ORANGEDALE AVE,CPD,2020-12-22T08:57:11Z,"Blackwell, Kyle",700 ORANGEDALE AVE Charlottesville VA,-78.49541889999999,38.0246115
17240,Robbery - Armed,202000034522,NA,MONTICELLO AVE / 2ND ST SE,CPD,2020-12-17T10:58:46Z,"Groff, Hayden",NA MONTICELLO AVE / 2ND ST SE Charlottesville VA,-78.4826102,38.0273167
17254,Weapons Violations,202000034338,1000,"LINDEN AVE, B",CPD,2020-12-15T17:53:42Z,"Raines, Christopher","1000 LINDEN AVE, B Charlottesville VA",-78.4700359,38.0142389
17285,Weapons Violations,202000034060,1300,"CARLTON AVE, 112",CPD,2020-12-13T05:19:45Z,"Groff, Hayden","1300 CARLTON AVE, 112 Charlottesville VA",-78.4693363,38.0220596
17286,Shots Fired/Illegal Hunting,202000034037,400,GARRETT ST,CPD,2020-12-13T03:33:55Z,"Green, Bryan",400 GARRETT ST Charlottesville VA,-78.4816416,38.0277639
17382,Weapons Violations,202000033256,500,RIDGE ST,CPD,2020-12-06T06:18:05Z,"Vlasis, Christopher",500 RIDGE ST Charlottesville VA,-78.4867156,38.0271212
17392,Shots Fired/Illegal Hunting,202000033121,NA,MICHIE DR / HYDRAULIC RD,CPD,2020-12-05T04:00:32Z,"Gower, Charles",NA MICHIE DR / HYDRAULIC RD Charlottesville VA,-78.4888088,38.0587136
17422,Shots Fired/Illegal Hunting,202000032840,700,NASSAU ST,CPD,2020-12-02T18:14:54Z,"Pendleton, Eric",700 NASSAU ST Charlottesville VA,-78.4669519,38.0192287
17442,Weapons Violations,202000032665,1000,"PRESTON AVE, B",CPD,2020-12-01T04:18:02Z,"Adams, Jonathan","1000 PRESTON AVE, B Charlottesville VA",-78.4916038,38.0392116
17443,Shots Fired/Illegal Hunting,202000032647,NA,PROSPECT AVE / ROCK CREEK RD,CPD,2020-12-01T03:09:33Z,"Hudson, Michael",NA PROSPECT AVE / ROCK CREEK RD Charlottesville VA,-78.4980521,38.0198673
17470,Shots Fired/Illegal Hunting,202000032432,NA,12TH ST NW / GRADY AVE,CPD,2020-11-29T01:21:57Z,"Gower, Charles",NA 12TH ST NW / GRADY AVE Charlottesville VA,-78.4942939,38.0394397
17472,Shots Fired/Illegal Hunting,202000032428,NA,10TH ST NW / PAGE ST,CPD,2020-11-29T01:08:16Z,"Morrison, Kyle",NA 10TH ST NW / PAGE ST Charlottesville VA,-78.49339979999999,38.0351163
17479,Shots Fired/Illegal Hunting,202000032380,NA,1ST ST S / LANKFORD AVE,CPD,2020-11-28T09:42:33Z,"Vlasis, Christopher",NA 1ST ST S / LANKFORD AVE Charlottesville VA,-78.4867842,38.0213612
17481,Weapons Violations,202000032361,300,7 1/2 ST SW,CPD,2020-11-28T04:33:39Z,"Groff, Hayden",300 7 1/2 ST SW Charlottesville VA,-78.4913187,38.0296536
17518,Weapons Violations,202000031988,600,E MARKET ST,CPD,2020-11-23T21:08:21Z,"Stein, Nathan",600 E MARKET ST Charlottesville VA,-78.4774516,38.0304104
17522,Weapons Violations,202000031982,600,12TH ST NW,CPD,2020-11-23T20:03:14Z,"Samar, Jack",600 12TH ST NW Charlottesville VA,-78.4942904,38.0394456
17560,Weapons Violations,202000031760,700,MCINTIRE RD,CPD,2020-11-21T08:09:46Z,"Hall, Stephen",700 MCINTIRE RD Charlottesville VA,-78.4777474,38.0385158
17641,Shots Fired/Illegal Hunting,202000031196,NA,MONTICELLO AVE / 6TH ST SE,CPD,2020-11-15T01:05:03Z,"Bowers, Justin",NA MONTICELLO AVE / 6TH ST SE Charlottesville VA,-78.48068289999999,38.02520519999999
17657,Weapons Violations,202000031041,700,ELSOM ST,CPD,2020-11-13T05:16:25Z,"Hounsel, Eli",700 ELSOM ST Charlottesville VA,-78.489727,38.0320396
17662,Shots Fired/Illegal Hunting,202000031019,1300,HAMPTON ST,CPD,2020-11-13T00:46:07Z,"Bowers, Justin",1300 HAMPTON ST Charlottesville VA,-78.47110889999999,38.0207179
17669,Weapons Violations,202000030948,NA,MEADE AVE / CARLTON RD,CPD,2020-11-12T04:04:33Z,"Middleton, Matthew",NA MEADE AVE / CARLTON RD Charlottesville VA,-78.4684671,38.02418979999999
17699,Weapons Violations,202000030581,900,"1ST ST S, C",CPD,2020-11-07T08:31:31Z,"McNerney, Todd","900 1ST ST S, C Charlottesville VA",-78.4856574,38.0230289
17700,Weapons Violations,202000030558,2000,HOLIDAY DR,CPD,2020-11-07T04:16:37Z,"Haug, Ian",2000 HOLIDAY DR Charlottesville VA,-78.49144969999999,38.057721
17744,Shots Fired/Illegal Hunting,202000030145,900,1ST ST S,CPD,2020-11-02T07:04:57Z,"Vlasis, Christopher",900 1ST ST S Charlottesville VA,-78.4856599,38.0228959
17765,Shots Fired/Illegal Hunting,202000029999,900,1ST ST S,CPD,2020-10-31T07:05:48Z,"Groff, Hayden",900 1ST ST S Charlottesville VA,-78.4856599,38.0228959
17772,Weapons Violations,202000029952,2100,MICHIE DR,CPD,2020-10-30T21:08:52Z,"Houchens, Jamell",2100 MICHIE DR Charlottesville VA,-78.483828,38.062986
17797,Weapons Violations,202000029720,100,OLD LYNCHBURG RD,CPD,2020-10-28T00:13:24Z,"Fink, James",100 OLD LYNCHBURG RD Charlottesville VA,-78.5132641,38.0186066
17846,Shots Fired/Illegal Hunting,202000029376,2200,SHELBY DR,CPD,2020-10-24T04:01:50Z,"Hall, Stephen",2200 SHELBY DR Charlottesville VA,-78.49417369999999,38.0625346
17936,Shots Fired/Illegal Hunting,202000028481,500,CAROLINE AVE,CPD,2020-10-14T18:42:09Z,"Shiflett, Tammy",500 CAROLINE AVE Charlottesville VA,-78.4638792,38.0297724
17987,Shots Fired/Illegal Hunting,202000028075,700,FRANKLIN ST,CPD,2020-10-10T01:26:00Z,"Eckenroth, Rachel",700 FRANKLIN ST Charlottesville VA,-78.46549809999999,38.019542
18000,Shots Fired/Illegal Hunting,202000027989,600,BLENHEIM AVE,CPD,2020-10-09T03:35:25Z,"Blackwell, Ryan",600 BLENHEIM AVE Charlottesville VA,-78.4818209,38.0233013
18059,Shots Fired/Illegal Hunting,202000027510,900,1ST ST S,CPD,2020-10-04T03:36:23Z,"Vlasis, Christopher",900 1ST ST S Charlottesville VA,-78.4856599,38.0228959
18073,Shots Fired/Illegal Hunting,202000027408,NA,HARRIS RD / CHRISTA CT,CPD,2020-10-02T22:52:20Z,"Green, Bryan",NA HARRIS RD / CHRISTA CT Charlottesville VA,-78.5083317,38.0157221
18081,Shots Fired/Illegal Hunting,202000027348,900,1ST ST S,CPD,2020-10-02T04:44:04Z,"Blackwell, Ryan",900 1ST ST S Charlottesville VA,-78.4856599,38.0228959
18140,Shots Fired/Illegal Hunting,202000026869,800,HARDY DR,CPD,2020-09-27T07:18:33Z,"Harlow, Matthew",800 HARDY DR Charlottesville VA,-78.4904109,38.0332508
18142,Shots Fired/Illegal Hunting,202000026864,NA,BAILEY RD / 5TH ST SW,CPD,2020-09-27T05:10:54Z,"Hounsel, Eli",NA BAILEY RD / 5TH ST SW Charlottesville VA,-78.494534,38.0205794
18215,Shots Fired/Illegal Hunting,202000026317,1200,EMMET ST N,CPD,2020-09-20T06:16:43Z,"Adams, Jonathan",1200 EMMET ST N Charlottesville VA,-78.4985906,38.0529166
18241,Shots Fired/Illegal Hunting,202000026110,900,1ST ST S,CPD,2020-09-18T04:31:36Z,"Blackwell, Ryan",900 1ST ST S Charlottesville VA,-78.4856599,38.0228959
18322,Shots Fired/Illegal Hunting,202000025444,800,"HARDY DR, E?",CPD,2020-09-11T15:11:21Z,"Samar, Jack","800 HARDY DR, E? Charlottesville VA",-78.4904109,38.0332508
18324,Robbery - Armed,202000025434,1100,MILLMONT ST,CPD,2020-09-11T10:50:12Z,"Huffman, Mark",1100 MILLMONT ST Charlottesville VA,-78.5025274,38.0526705
18353,Weapons Violations,202000025159,NA,UNIVERSITY AVE / RUGBY RD,CPD,2020-09-08T17:31:20Z,"Middleton, Matthew",NA UNIVERSITY AVE / RUGBY RD Charlottesville VA,-78.50345850000001,38.0367581
18371,Shots Fired/Illegal Hunting,202000025024,100,SEMINOLE CT,CPD,2020-09-07T02:51:05Z,"Burchardt, Rudy",100 SEMINOLE CT Charlottesville VA,-78.48811669999999,38.065768
18377,Shots Fired/Illegal Hunting,202000024952,NA,PAGE ST / 10TH ST NW,CPD,2020-09-06T08:58:18Z,"Blackwell, Kyle",NA PAGE ST / 10TH ST NW Charlottesville VA,-78.49339979999999,38.0351163
18396,Robbery - Armed,202000024817,100,MAURY AVE,CPD,2020-09-05T01:49:59Z,"Wood, Joseph",100 MAURY AVE Charlottesville VA,-78.5151671,38.0261007
18398,Weapons Violations,202000024799,NA,14TH ST NW / GORDON AVE,CPD,2020-09-04T22:01:26Z,"Wood, Joseph",NA 14TH ST NW / GORDON AVE Charlottesville VA,-78.49680459999999,38.0392242
18429,Shots Fired/Illegal Hunting,202000024553,400,GARRETT ST,CPD,2020-09-02T05:14:22Z,"Hall, Stephen",400 GARRETT ST Charlottesville VA,-78.4816416,38.0277639
18442,Weapons Violations,202000024446,200,RIDGE MCINTIRE RD,CPD,2020-09-01T03:05:14Z,"Fink, James",200 RIDGE MCINTIRE RD Charlottesville VA,-78.4838891,38.0312205
18488,Weapons Violations,202000024042,800,E MARKET ST,CPD,2020-08-28T01:36:07Z,"Wood, Joseph",800 E MARKET ST Charlottesville VA,-78.47602909999999,38.0295562
18553,Shots Fired/Illegal Hunting,202000023524,400,9TH ST NW,CPD,2020-08-22T07:03:54Z,"Blackwell, Kyle",400 9TH ST NW Charlottesville VA,-78.4908087,38.0355709
18559,Weapons Violations,202000023480,700,STONEHENGE AVE,CPD,2020-08-21T22:06:10Z,"Wood, Joseph",700 STONEHENGE AVE Charlottesville VA,-78.4823571,38.01865919999999
18579,Weapons Violations,202000023342,300,RIVERSIDE AVE,CPD,2020-08-20T19:42:26Z,"Raines, Christopher",300 RIVERSIDE AVE Charlottesville VA,-78.45532349999999,38.02397310000001
18588,Weapons Violations,202000023300,700,CHERRY AVE,CPD,2020-08-20T12:44:30Z,"Nash, Darius",700 CHERRY AVE Charlottesville VA,-78.49170529999999,38.0277499
18673,Shots Fired/Illegal Hunting,202000022424,700,"6TH ST SE, B",CPD,2020-08-12T06:57:19Z,"Haug, Ian","700 6TH ST SE, B Charlottesville VA",-78.48072189999999,38.0251055
18816,Robbery - Armed,202000021220,1800,MONTICELLO RD,CPD,2020-07-31T02:38:50Z,"Miller, Devin",1800 MONTICELLO RD Charlottesville VA,-78.473041,38.0154442
18818,Shots Fired/Illegal Hunting,202000021183,NA,MONTICELLO AVE / 6TH ST SE,CPD,2020-07-30T19:07:09Z,"Pendleton, Eric",NA MONTICELLO AVE / 6TH ST SE Charlottesville VA,-78.48068289999999,38.02520519999999
18838,Shots Fired/Illegal Hunting,202000021005,NA,HARDY DR / 8TH ST NW,CPD,2020-07-29T01:41:08Z,"Lucas, Corbin",NA HARDY DR / 8TH ST NW Charlottesville VA,-78.49024159999999,38.0334267
18847,Shots Fired/Illegal Hunting,202000020924,900,WEST ST,CPD,2020-07-28T06:44:18Z,"Vlasis, Christopher",900 WEST ST Charlottesville VA,-78.4899619,38.0363534
18848,Weapons Violations,202000020892,200,E MAIN ST,CPD,2020-07-28T02:05:11Z,"Smith, Daniel",200 E MAIN ST Charlottesville VA,-78.4807636,38.0305724
18875,Shots Fired/Illegal Hunting,202000020673,NA,ELLIOTT AVE / 6TH ST SE,CPD,2020-07-25T23:24:19Z,"Turner, Devon",NA ELLIOTT AVE / 6TH ST SE Charlottesville VA,-78.48296429999999,38.0219806
18897,Shots Fired/Illegal Hunting,202000020526,700,DRUID AVE,CPD,2020-07-24T13:07:16Z,"Houchens, Jamell",700 DRUID AVE Charlottesville VA,-78.48250139999999,38.0194778
18900,Shots Fired/Illegal Hunting,202000020514,NA,10TH ST NW / ANDERSON ST,CPD,2020-07-24T09:08:33Z,"Wood, Joseph",NA 10TH ST NW / ANDERSON ST Charlottesville VA,-78.49265009999999,38.0366056
18902,Shots Fired/Illegal Hunting,202000020506,900,BELMONT AVE,CPD,2020-07-24T05:38:16Z,"Miller, Devin",900 BELMONT AVE Charlottesville VA,-78.47539429999999,38.02343080000001
18926,Shots Fired/Illegal Hunting,202000020287,700,RIDGE ST,CPD,2020-07-21T23:22:15Z,"Groff, Hayden",700 RIDGE ST Charlottesville VA,-78.4898523,38.0245196
18980,Shots Fired/Illegal Hunting,202000019695,NA,7 1/2 ST SW,CPD,2020-07-16T03:44:52Z,"Wood, Joseph",NA 7 1/2 ST SW Charlottesville VA,-78.493153,38.0274684
18989,Shots Fired/Illegal Hunting,202000019626,300,VALLEY RD EXT,CPD,2020-07-15T13:57:36Z,"Hall, Stephen",300 VALLEY RD EXT Charlottesville VA,-78.505257,38.0278983
18993,Shots Fired/Illegal Hunting,202000019575,NA,RIDGE ST / LANKFORD AVE,CPD,2020-07-15T02:46:51Z,"Gower, Charles",NA RIDGE ST / LANKFORD AVE Charlottesville VA,-78.4906371,38.0233942
19004,Shots Fired/Illegal Hunting,202000019476,800,HARDY DR,CPD,2020-07-14T04:46:10Z,"Byrd, Timothy",800 HARDY DR Charlottesville VA,-78.4904109,38.0332508
19006,Shots Fired/Illegal Hunting,202000019463,900,1ST ST S,CPD,2020-07-14T02:05:05Z,"Gower, Charles",900 1ST ST S Charlottesville VA,-78.4856599,38.0228959
19010,Shots Fired/Illegal Hunting,202000019454,300,RIDGE ST,CPD,2020-07-14T01:09:05Z,"Stein, Nathan",300 RIDGE ST Charlottesville VA,-78.4856961,38.0283691
19024,Shots Fired/Illegal Hunting,202000019351,900,"1ST ST S, D",CPD,2020-07-12T17:16:12Z,"Tennyson, James","900 1ST ST S, D Charlottesville VA",-78.4856574,38.0230289
19028,Shots Fired/Illegal Hunting,202000019304,1600,EMMET ST N,CPD,2020-07-12T03:49:01Z,"Gower, Charles",1600 EMMET ST N Charlottesville VA,-78.493877,38.057909
19030,Shots Fired/Illegal Hunting,202000019288,900,1ST ST S,CPD,2020-07-12T01:17:21Z,"Bowers, Justin",900 1ST ST S Charlottesville VA,-78.4856599,38.0228959
19037,Shots Fired/Illegal Hunting,202000019238,900,1ST ST S,CPD,2020-07-11T07:46:38Z,"Boury, Bethany",900 1ST ST S Charlottesville VA,-78.4856599,38.0228959
19057,Shots Fired/Illegal Hunting,202000019115,NA,ELLIOTT AVE / MONTICELLO AVE,CPD,2020-07-10T03:47:43Z,"Blackwell, Ryan",NA ELLIOTT AVE / MONTICELLO AVE Charlottesville VA,-78.4750921,38.0183743
19070,Shots Fired/Illegal Hunting,202000019039,2200,ANGUS RD,CPD,2020-07-09T13:05:46Z,"Keplinger, Christopher",2200 ANGUS RD Charlottesville VA,-78.49716839999999,38.0610206
19091,Weapons Violations,202080000065,NA,MILLMONT ST / BARRACKS RD,CPD,2020-07-08T11:20:00Z,"Handy, Russell",NA MILLMONT ST / BARRACKS RD Charlottesville VA,-78.50052769999999,38.0542923
19116,Shots Fired/Illegal Hunting,202000018754,600,7 1/2 ST SW,CPD,2020-07-06T18:24:31Z,"Davis, Charles",600 7 1/2 ST SW Charlottesville VA,-78.4937865,38.0266977
19117,Shots Fired/Illegal Hunting,202000018744,700,PROSPECT AVE,CPD,2020-07-06T16:19:32Z,"Davis, Charles",700 PROSPECT AVE Charlottesville VA,-78.49439579999999,38.0246386
19154,Shots Fired/Illegal Hunting,202000018439,1400,"MONTICELLO RD, 24",CPD,2020-07-03T20:59:35Z,"Lowry, Ryan","1400 MONTICELLO RD, 24 Charlottesville VA",-78.47219009999999,38.0192234
19225,Shots Fired/Illegal Hunting,202000017871,NA,AVON ST / BOLLING AVE,CPD,2020-06-28T13:01:18Z,"Samar, Jack",NA AVON ST / BOLLING AVE Charlottesville VA,-78.4797088,38.0235774
19234,Robbery - Armed,202000017741,2000,IVY RD,CPD,2020-06-27T08:33:38Z,"Belinski, Thomas",2000 IVY RD Charlottesville VA,-78.51049139999999,38.0420066
19261,Shots Fired/Illegal Hunting,202000017508,1200,ROSSER AVE,CPD,2020-06-25T11:41:41Z,"Belinski, Thomas",1200 ROSSER AVE Charlottesville VA,-78.4941848,38.0400082
19306,Shots Fired/Illegal Hunting,202000017035,600,PROSPECT AVE,CPD,2020-06-21T06:40:46Z,"Joiner, Chaka",600 PROSPECT AVE Charlottesville VA,-78.4950757,38.025189
19318,Shots Fired/Illegal Hunting,202000016884,NA,W MAIN ST / 11TH ST SW,CPD,2020-06-20T04:26:06Z,"Blackwell, Kyle",NA W MAIN ST / 11TH ST SW Charlottesville VA,-78.4959236,38.0328615
19454,Shots Fired/Illegal Hunting,202000015297,800,HARDY DR,CPD,2020-06-05T17:24:56Z,"Burnett, James",800 HARDY DR Charlottesville VA,-78.4904109,38.0332508
19462,Shots Fired/Illegal Hunting,202000015222,400,E HIGH ST,CPD,2020-06-05T05:04:12Z,"Wagner, Christopher ",400 E HIGH ST Charlottesville VA,-78.4782281,38.0320584
19487,Shots Fired/Illegal Hunting,202000014960,500,W MAIN ST,CPD,2020-06-02T14:45:28Z,"Pittman, Terry",500 W MAIN ST Charlottesville VA,-78.4879119,38.0307934
19489,Shots Fired/Illegal Hunting,202000014953,600,BELMONT AVE,CPD,2020-06-02T10:06:04Z,"Tennyson, James",600 BELMONT AVE Charlottesville VA,-78.4801389,38.02581380000001
19490,Shots Fired/Illegal Hunting,202000014933,NA,1ST ST S / LANKFORD AVE,CPD,2020-06-02T05:15:52Z,"Blackwell, Ryan",NA 1ST ST S / LANKFORD AVE Charlottesville VA,-78.4867842,38.0213612
19491,Shots Fired/Illegal Hunting,202000014928,NA,ELLIOTT AVE / 1ST ST S,CPD,2020-06-02T04:23:57Z,"Blackwell, Ryan",NA ELLIOTT AVE / 1ST ST S Charlottesville VA,-78.4856951,38.0233274
19498,Shots Fired/Illegal Hunting,202000014843,NA,PRESTON AVE @ HARRIS ST,CPD,2020-06-01T08:46:45Z,"Freivald, Jon",NA PRESTON AVE @ HARRIS ST Charlottesville VA,-78.4855553,38.0351203
19566,Shots Fired/Illegal Hunting,202000014178,NA,JEFFERSON PARK AVE / BRANDON AVE,CPD,2020-05-26T06:35:22Z,"Boury, Bethany",NA JEFFERSON PARK AVE / BRANDON AVE Charlottesville VA,-78.5036709,38.0320627
19635,Shots Fired/Illegal Hunting,202000013442,1500,RUGBY RD,CPD,2020-05-19T05:20:25Z,"Byrd, Timothy",1500 RUGBY RD Charlottesville VA,-78.4882028,38.055235
19637,Shots Fired/Illegal Hunting,202000013439,1100,FOREST ST,CPD,2020-05-19T04:51:32Z,"Byrd, Timothy",1100 FOREST ST Charlottesville VA,-78.4836752,38.0401068
19648,Weapons Violations,202000013358,NA,GRADY AVE @ 10TH ST,CPD,2020-05-18T13:43:51Z,"Thomas, Eric",NA GRADY AVE @ 10TH ST Charlottesville VA,-78.4916013,38.0386235
19668,Shots Fired/Illegal Hunting,202000013107,800,HENRY AVE,CPD,2020-05-16T01:42:56Z,"Fink, James",800 HENRY AVE Charlottesville VA,-78.4858721,38.0382585
19687,Shots Fired/Illegal Hunting,202000012905,1000,PRESTON AVE,CPD,2020-05-14T05:58:46Z,"Woodzell, Logan",1000 PRESTON AVE Charlottesville VA,-78.49163329999999,38.0391546
19700,Weapons Violations,202000012749,500,12TH ST NW,CPD,2020-05-12T21:31:59Z,"Maney, Edward",500 12TH ST NW Charlottesville VA,-78.49466199999999,38.0385968
19713,Weapons Violations,202000012611,1700,HYDRAULIC RD,CPD,2020-05-11T16:19:10Z,"Nash, Darius",1700 HYDRAULIC RD Charlottesville VA,-78.4887056,38.0588756
19714,Weapons Violations,202000012600,2000,HOLIDAY DR,CPD,2020-05-11T13:58:51Z,"TRAVERS, JOSHUA",2000 HOLIDAY DR Charlottesville VA,-78.49144969999999,38.057721
19733,Weapons Violations,202000012440,900,HART RD,CPD,2020-05-09T21:01:11Z,"Fink, James",900 HART RD Charlottesville VA,-78.4740589,38.0101958
19748,Robbery - Armed,202000012257,NA,NORTH BERKSHIRE RD / CEDAR HILL RD,CPD,2020-05-08T06:52:16Z,"Arreguin, Arron",NA NORTH BERKSHIRE RD / CEDAR HILL RD Charlottesville VA,-78.49661119999999,38.0625308
19810,Shots Fired/Illegal Hunting,202000011472,900,1ST ST S,CPD,2020-05-02T01:22:16Z,"Hounsel, Eli",900 1ST ST S Charlottesville VA,-78.4856599,38.0228959
19926,Shots Fired/Illegal Hunting,202000010381,400,GARRETT ST,CPD,2020-04-20T01:44:25Z,"Lee, Chandler",400 GARRETT ST Charlottesville VA,-78.4816416,38.0277639
19983,Shots Fired/Illegal Hunting,202000009742,NA,1ST ST S / GARRETT ST,CPD,2020-04-12T03:51:44Z,"Harris, Frank",NA 1ST ST S / GARRETT ST Charlottesville VA,-78.482547,38.0286832
19992,Shots Fired/Illegal Hunting,202000009649,NA,LONGWOOD DR / HARRIS RD,CPD,2020-04-11T06:24:43Z,"Harris, Frank",NA LONGWOOD DR / HARRIS RD Charlottesville VA,-78.5044117,38.0153859
19998,Robbery - Armed,202000009576,1400,SUNRISE PARK LN,CPD,2020-04-10T07:19:40Z,"Arreguin, Arron",1400 SUNRISE PARK LN Charlottesville VA,-78.46737139999999,38.0210736
20010,Shots Fired/Illegal Hunting,202000009448,NA,GARRETT ST / 6TH ST SE,CPD,2020-04-09T01:13:17Z,"Lee, Chandler",NA GARRETT ST / 6TH ST SE Charlottesville VA,-78.4789701,38.0273494
20019,Shots Fired/Illegal Hunting,202000009320,800,"HARDY DR, A",CPD,2020-04-08T01:43:58Z,"Babij, Joshua","800 HARDY DR, A Charlottesville VA",-78.4904109,38.0332508
20080,Shots Fired/Illegal Hunting,202000008907,1200,EMMET ST N,CPD,2020-04-03T03:26:40Z,"Adams, Jonathan",1200 EMMET ST N Charlottesville VA,-78.4985906,38.0529166
20088,Shots Fired/Illegal Hunting,202000008820,800,HARDY DR,CPD,2020-04-01T15:56:27Z,"Pittman, Terry",800 HARDY DR Charlottesville VA,-78.4904109,38.0332508
20091,Shots Fired/Illegal Hunting,202000008792,400,GARRETT ST,CPD,2020-04-01T01:01:58Z,"Bowers, Justin",400 GARRETT ST Charlottesville VA,-78.4816416,38.0277639
20114,Shots Fired/Illegal Hunting,202000008572,NA,HARDY DR / 8TH ST NW,CPD,2020-03-29T04:02:08Z,"Hickey, Declan",NA HARDY DR / 8TH ST NW Charlottesville VA,-78.49024159999999,38.0334267
20124,Shots Fired/Illegal Hunting,202000008486,400,GARRETT ST,CPD,2020-03-28T09:18:00Z,"Byrd, Timothy",400 GARRETT ST Charlottesville VA,-78.4816416,38.0277639
20207,Shots Fired/Illegal Hunting,202000007797,NA,14TH ST NW / VIRGINIA AVE,CPD,2020-03-19T17:44:44Z,"TRAVERS, JOSHUA",NA 14TH ST NW / VIRGINIA AVE Charlottesville VA,-78.4976319,38.0378082
20276,Weapons Violations,202000007226,400,GARRETT ST,CPD,2020-03-13T03:13:23Z,"Bowers, Justin",400 GARRETT ST Charlottesville VA,-78.4816416,38.0277639
20302,Weapons Violations,202000006972,900,"RIVES ST, B",CPD,2020-03-10T14:06:27Z,"McKeown, Kaitlyn","900 RIVES ST, B Charlottesville VA",-78.469803,38.0177396
20403,Shots Fired/Illegal Hunting,202000006234,NA,PAOLI ST / 9TH ST NW,CPD,2020-03-03T12:20:10Z,"Samar, Jack",NA PAOLI ST / 9TH ST NW Charlottesville VA,-78.49134420000001,38.0351367
20405,Shots Fired/Illegal Hunting,202000006220,900,1ST ST S,CPD,2020-03-03T07:15:23Z,"Harris, Frank",900 1ST ST S Charlottesville VA,-78.4856599,38.0228959
20605,Shots Fired/Illegal Hunting,202000004541,800,"CABELL AVE, A",CPD,2020-02-16T01:52:10Z,"Raines, Christopher","800 CABELL AVE, A Charlottesville VA",-78.4964411,38.0423574
20667,Shots Fired/Illegal Hunting,202000004147,1000,PAGE ST,CPD,2020-02-12T04:30:23Z,"Blackwell, Kyle",1000 PAGE ST Charlottesville VA,-78.4938136,38.0351746
20912,Shots Fired/Illegal Hunting,202000002415,900,1ST ST S,CPD,2020-01-25T07:07:18Z,"Harris, Frank",900 1ST ST S Charlottesville VA,-78.4856599,38.0228959
20980,Shots Fired/Illegal Hunting,202000001749,NA,6TH ST SE / BLENHEIM AVE,CPD,2020-01-18T06:34:40Z,"Blackwell, Ryan",NA 6TH ST SE / BLENHEIM AVE Charlottesville VA,-78.48185289999999,38.0235375
21031,Robbery - Armed,202000001337,2100,BARRACKS RD,CPD,2020-01-14T17:59:48Z,"Lewis, Joey",2100 BARRACKS RD Charlottesville VA,-78.499113,38.052787
21050,Shots Fired/Illegal Hunting,202000001187,500,MCINTIRE RD,CPD,2020-01-13T03:59:52Z,"Gower, Charles",500 MCINTIRE RD Charlottesville VA,-78.4814325,38.0352491
21074,Weapons Violations,202000001002,2200,NORTH BERKSHIRE RD,CPD,2020-01-11T07:14:12Z,"Adams, Jonathan",2200 NORTH BERKSHIRE RD Charlottesville VA,-78.4964419,38.0600145
21097,Weapons Violations,202000000895,1100,RUGBY RD,CPD,2020-01-10T08:21:17Z,"Adams, Jonathan",1100 RUGBY RD Charlottesville VA,-78.4931277,38.0463932
21110,Shots Fired/Illegal Hunting,202000000801,700,PROSPECT AVE,CPD,2020-01-09T08:14:05Z,"Byrd, Timothy",700 PROSPECT AVE Charlottesville VA,-78.49439579999999,38.0246386
21125,Shots Fired/Illegal Hunting,202000000619,500,ROCKLAND AVE,CPD,2020-01-07T07:23:34Z,"Lucas, Corbin",500 ROCKLAND AVE Charlottesville VA,-78.4861332,38.0197152
21217,Shots Fired/Illegal Hunting,202000000010,NA,PROSPECT AVE / ROCK CREEK RD,CPD,2020-01-01T05:58:25Z,"Stein, Nathan",NA PROSPECT AVE / ROCK CREEK RD Charlottesville VA,-78.4980521,38.0198673
21243,Shots Fired/Illegal Hunting,201900037850,NA,PROSPECT AVE / BAILEY RD,CPD,2019-12-31T00:29:41Z,"Holley, Barrett",NA PROSPECT AVE / BAILEY RD Charlottesville VA,-78.4968377,38.02138619999999
21316,Shots Fired/Illegal Hunting,201900037381,900,1ST ST S,CPD,2019-12-25T03:09:38Z,"Boury, Bethany",900 1ST ST S Charlottesville VA,-78.4856599,38.0228959
21447,Shots Fired/Illegal Hunting,201900036446,1400,VINE ST,CPD,2019-12-15T00:03:06Z,"Bowers, Justin",1400 VINE ST Charlottesville VA,-78.46860079999999,38.0196979
21507,Robbery - Armed,201900036046,1000,W MAIN ST,CPD,2019-12-10T20:26:01Z,"Smith, Daniel",1000 W MAIN ST Charlottesville VA,-78.4952169,38.0323477
21560,Shots Fired/Illegal Hunting,201900035664,NA,GRADY AVE / 12TH ST NW,CPD,2019-12-07T04:08:24Z,"Jaeger, Jeffrey",NA GRADY AVE / 12TH ST NW Charlottesville VA,-78.4942939,38.0394397
21810,Shots Fired/Illegal Hunting,201900033777,2300,ANGUS RD,CPD,2019-11-18T01:36:52Z,"Burchardt, Rudy",2300 ANGUS RD Charlottesville VA,-78.4980357,38.0612439
21945,Weapons Violations,201900032684,100,OAK ST,CPD,2019-11-07T19:14:58Z,"Thomas, Eric",100 OAK ST Charlottesville VA,-78.4841716,38.026137
21971,Weapons Violations,201900032539,700,FRANKLIN ST,CPD,2019-11-06T11:05:03Z,"Freivald, Jon",700 FRANKLIN ST Charlottesville VA,-78.46549809999999,38.019542
22038,Weapons Violations,201900032073,800,"W MAIN ST, 100",CPD,2019-11-01T19:52:37Z,"Thomas, Eric","800 W MAIN ST, 100 Charlottesville VA",-78.4903331,38.0314795
22060,Weapons Violations,201900031926,400,"GARRETT ST, H",CPD,2019-10-31T17:08:39Z,"Johnston, Ernest","400 GARRETT ST, H Charlottesville VA",-78.4816589,38.0279351
22090,Shots Fired/Illegal Hunting,201900031701,600,BOLLING AVE,CPD,2019-10-29T22:40:35Z,"Huber, Christopher",600 BOLLING AVE Charlottesville VA,-78.4812549,38.0240921
22117,Shots Fired/Illegal Hunting,201900031587,NA,MONTICELLO AVE / 6TH ST SE,CPD,2019-10-29T00:36:38Z,"TRAVERS, JOSHUA",NA MONTICELLO AVE / 6TH ST SE Charlottesville VA,-78.48068289999999,38.02520519999999
22130,Robbery - Armed,201900031477,800,"CABELL AVE, 3",CPD,2019-10-28T00:33:52Z,"Chan, William","800 CABELL AVE, 3 Charlottesville VA",-78.4964411,38.0423574
22138,Shots Fired/Illegal Hunting,201900031423,800,ORANGEDALE AVE,CPD,2019-10-27T11:03:24Z,"Bise, Collin",800 ORANGEDALE AVE Charlottesville VA,-78.4975054,38.0215283
22199,Shots Fired/Illegal Hunting,201900030900,700,PROSPECT AVE,CPD,2019-10-23T10:31:42Z,"Jones, Mark",700 PROSPECT AVE Charlottesville VA,-78.49439579999999,38.0246386
22338,Weapons Violations,201900029945,NA,5TH ST SW / RIDGE ST,CPD,2019-10-14T21:03:16Z,"Thelen, Rebecca",NA 5TH ST SW / RIDGE ST Charlottesville VA,-78.4889724,38.0258962
22394,Shots Fired/Illegal Hunting,201900029572,900,RUGBY RD,CPD,2019-10-11T14:50:04Z,"Oberholzer, Robbie",900 RUGBY RD Charlottesville VA,-78.49634890000002,38.0439448
22467,Shots Fired/Illegal Hunting,201900029018,400,GARRETT ST,CPD,2019-10-06T23:52:05Z,"Gower, Charles",400 GARRETT ST Charlottesville VA,-78.4816416,38.0277639
22468,Robbery - Armed,201900029013,400,GARRETT ST,CPD,2019-10-06T22:20:54Z,"Raines, Christopher",400 GARRETT ST Charlottesville VA,-78.4816416,38.0277639
22470,Weapons Violations,201900029005,600,E WATER ST,CPD,2019-10-06T20:14:28Z,"Raines, Christopher",600 E WATER ST Charlottesville VA,-78.4776442,38.0288229
22481,Shots Fired/Illegal Hunting,201900028947,400,GARRETT ST,CPD,2019-10-06T01:47:46Z,"Jones, Larry",400 GARRETT ST Charlottesville VA,-78.4816416,38.0277639
22528,Shots Fired/Illegal Hunting,201900028553,100,LANKFORD AVE,CPD,2019-10-03T02:37:30Z,"Blackwell, Ryan",100 LANKFORD AVE Charlottesville VA,-78.4870708,38.02128
22978,Weapons Violations,201900025148,500,2ND ST SE,CPD,2019-09-02T18:32:25Z,"Keplinger, Christopher",500 2ND ST SE Charlottesville VA,-78.48278619999999,38.0262839
22981,Shots Fired/Illegal Hunting,201900025103,800,HARDY DR,CPD,2019-09-02T04:06:00Z,"Hickey, Declan",800 HARDY DR Charlottesville VA,-78.4904109,38.0332508
23234,Shots Fired/Illegal Hunting,201900023197,800,HARDY DR,CPD,2019-08-16T05:07:18Z,"Reed, Patrick",800 HARDY DR Charlottesville VA,-78.4904109,38.0332508
23346,Robbery - Armed,201900022028,100,10 1/2 ST NW / PAGE ST,CPD,2019-08-05T20:08:02Z,"Quinlan, Richard",100 10 1/2 ST NW / PAGE ST Charlottesville VA,-78.4952697,38.032737
23444,Robbery - Armed,201900021307,200,2ND ST NE,CPD,2019-07-30T04:33:59Z,"Stayments, Ronald ",200 2ND ST NE Charlottesville VA,-78.4799451,38.0318175
23476,Shots Fired/Illegal Hunting,201900020950,100,"W MAIN ST, 1",CPD,2019-07-26T13:44:50Z,"Newton, Arla","100 W MAIN ST, 1 Charlottesville VA",-78.481656,38.0307181
23489,Weapons Violations,201900020879,200,W MAIN ST,CPD,2019-07-25T20:41:28Z,"Houchens, Logan",200 W MAIN ST Charlottesville VA,-78.4825173,38.0308406
23548,Shots Fired/Illegal Hunting,201900020273,NA,10TH ST NW / ANDERSON ST,CPD,2019-07-20T06:47:42Z,"FLURY, MICHAEL",NA 10TH ST NW / ANDERSON ST Charlottesville VA,-78.49265009999999,38.0366056
23549,Shots Fired/Illegal Hunting,201900020272,800,ROSE HILL DR,CPD,2019-07-20T06:25:22Z,"Zhang, Kai",800 ROSE HILL DR Charlottesville VA,-78.48651579999999,38.038261
23590,Shots Fired/Illegal Hunting,201900019860,400,GARRETT ST,CPD,2019-07-16T05:20:00Z,"Arreguin, Arron",400 GARRETT ST Charlottesville VA,-78.4816416,38.0277639
23615,Shots Fired/Illegal Hunting,201900019692,1200,EMMET ST N,CPD,2019-07-14T08:21:42Z,"Adams, Jonathan",1200 EMMET ST N Charlottesville VA,-78.4985906,38.0529166
23701,Shots Fired/Illegal Hunting,201900019011,1900,SWANSON DR,CPD,2019-07-08T03:06:36Z,"Belinski, Thomas",1900 SWANSON DR Charlottesville VA,-78.494151,38.0618151
23717,Shots Fired/Illegal Hunting,201900018927,200,E MARKET ST,CPD,2019-07-07T05:00:58Z,"Pittman, Terry",200 E MARKET ST Charlottesville VA,-78.48036689999999,38.0311044
23733,Shots Fired/Illegal Hunting,201900018811,400,E MAIN ST,CPD,2019-07-06T03:32:08Z,"Houchens, Logan",400 E MAIN ST Charlottesville VA,-78.47925699999999,38.0297705
23736,Robbery - Armed,201900018772,2100,"MICHIE DR, 120",CPD,2019-07-05T21:16:27Z,"Thelen, Rebecca","2100 MICHIE DR, 120 Charlottesville VA",-78.483828,38.062986
23799,Robbery - Armed,201900018229,1100,5TH ST SW,CPD,2019-06-30T20:02:54Z,"Stein, Nathan",1100 5TH ST SW Charlottesville VA,-78.497806,38.01713
23818,Shots Fired/Illegal Hunting,201900018072,NA,LANKFORD AVE / 1ST ST S,CPD,2019-06-29T01:02:49Z,"Gower, Charles",NA LANKFORD AVE / 1ST ST S Charlottesville VA,-78.4867842,38.0213612
23882,Shots Fired/Illegal Hunting,201900017422,300,11TH ST NW,CPD,2019-06-23T08:26:11Z,"Zhang, Kai",300 11TH ST NW Charlottesville VA,-78.4949821,38.0358484
23929,Shots Fired/Illegal Hunting,201900016900,800,NASSAU ST,CPD,2019-06-19T07:46:24Z,"Blackwell, Ryan",800 NASSAU ST Charlottesville VA,-78.46757939999999,38.0184647
23981,Weapons Violations,201900016418,1100,BARRACKS RD,CPD,2019-06-14T19:31:51Z,"Stayments, Ronald ",1100 BARRACKS RD Charlottesville VA,-78.4935497,38.0475964
24013,Shots Fired/Illegal Hunting,201900016195,400,GARRETT ST,CPD,2019-06-12T18:21:58Z,"Gower, Charles",400 GARRETT ST Charlottesville VA,-78.4816416,38.0277639
24023,Shots Fired/Illegal Hunting,201900016140,800,HARDY DR,CPD,2019-06-12T05:00:42Z,"Blackwell, Kyle",800 HARDY DR Charlottesville VA,-78.4904109,38.0332508
24250,Shots Fired/Illegal Hunting,201900014382,400,GARRETT ST,CPD,2019-05-26T02:48:28Z,"Arreguin, Arron",400 GARRETT ST Charlottesville VA,-78.4816416,38.0277639
24311,Shots Fired/Illegal Hunting,201900013910,400,GARRETT ST,CPD,2019-05-22T03:08:11Z,"Blackwell, Ryan",400 GARRETT ST Charlottesville VA,-78.4816416,38.0277639
24338,Weapons Violations,201900013705,500,HARRIS RD,CPD,2019-05-20T13:45:50Z,"Pendleton, Eric",500 HARRIS RD Charlottesville VA,-78.5036871,38.0150991
24463,Shots Fired/Illegal Hunting,201900012722,500,"HARRIS RD, B",CPD,2019-05-11T02:40:00Z,"Babij, Joshua","500 HARRIS RD, B Charlottesville VA",-78.5036871,38.0150991
24469,Shots Fired/Illegal Hunting,201900012680,400,GARRETT ST,CPD,2019-05-10T20:58:17Z,"Maney, Edward",400 GARRETT ST Charlottesville VA,-78.4816416,38.0277639
24518,Weapons Violations,201900012265,400,GARRETT ST,CPD,2019-05-07T03:08:02Z,"Roberts, David",400 GARRETT ST Charlottesville VA,-78.4816416,38.0277639
24556,Shots Fired/Illegal Hunting,201900011942,1600,DEL MAR DR,CPD,2019-05-04T02:58:26Z,"Tennyson, James",1600 DEL MAR DR Charlottesville VA,-78.4832971,38.049957
24686,Shots Fired/Illegal Hunting,201900010984,100,MONTICELLO AVE,CPD,2019-04-25T02:23:09Z,"Sclafani, William",100 MONTICELLO AVE Charlottesville VA,-78.47539429999999,38.0251039
24746,Weapons Violations,201900010486,300,E MAIN ST,CPD,2019-04-20T04:24:35Z,"Maney, Edward",300 E MAIN ST Charlottesville VA,-78.4799451,38.03010380000001
